Handle,Title,Body (HTML),Vendor,Product Category,Type,Tags,Published,Option1 Name,Option1 Value,Option1 Linked To,Variant SKU,Variant Grams,Variant Inventory Tracker,Variant Inventory Qty,Variant Inventory Policy,Variant Fulfillment Service,Variant Price,Variant Compare At Price,Variant Requires Shipping,Variant Taxable,Variant Barcode,Image Src,Image Position,Image Alt Text,Gift Card,SEO Title,SEO Description,Google Shopping / Google Product Category,Google Shopping / Gender,Google Shopping / Age Group,Google Shopping / Condition,Google Shopping / Custom Product,Box inclusion (product.metafields.custom.box_inclusion),FAQs (product.metafields.custom.faqs),Multicolumns (product.metafields.custom.multicolumn),Product banner (product.metafields.custom.product_banner),Product_banner1 (product.metafields.custom.product_banner1),Product_banner2 (product.metafields.custom.product_banner2),Product_banner3 (product.metafields.custom.product_banner3),Product  FAQ (product.metafields.custom.product_faq),Product Features - Table (product.metafields.custom.product_features_table),Product PDF URL (product.metafields.custom.product_pdf),Product Title (product.metafields.custom.product_title),Short Description (product.metafields.custom.short_description),YouTube Video URL (product.metafields.custom.youtube_video_url),Google: Custom Product (product.metafields.mm-google-shopping.custom_product),Product rating count (product.metafields.reviews.rating_count),Color (product.metafields.shopify.color-pattern),Power source (product.metafields.shopify.power-source),Razor head design (product.metafields.shopify.razor-head-design),Suitable for skin type (product.metafields.shopify.suitable-for-skin-type),Usage conditions (product.metafields.shopify.usage-conditions),Variant Image,Variant Weight Unit,Status
hair-curling-wand-2-in-1-face-eyrbrow-trimmer,Hair Curling Wand & 2 in 1 Trimmer Combo,"Skip the hassle of salon visits for easy hair removal and curly, bouncy hair. The 2 in 1 Face & Eyebrow Trimmer designed for painless, precise precise touch-ups and get natural curls and twirls with Hair Curling Wand.",Winston Electronics,Uncategorized,,,True,Title,Default Title,,WCWFET-101,0.0,shopify,70.0,deny,manual,3133.0,5480.0,True,True,,"['https://cdn.shopify.com/s/files/1/0615/3355/2855/files/HairCurlingWand_2in1Face_EyrbrowTrimmer.png?v=1743055745', 'https://cdn.shopify.com/s/files/1/0615/3355/2855/files/2_in_1_Face_and_Eyebrow_Trimmer.jpg?v=1764146043', 'https://cdn.shopify.com/s/files/1/0615/3355/2855/files/HairCurlingWand-Display.png?v=1740393353']","[1, 2, 3]","[nan, '2 in 1 Face and Eyebrow Trimmer', 'Hair Curling Wand']",False,,,,,,,,hair-curling-wand; 2-in-1-face-eyebrow-trimmer,,easy-to-use-2; sturdy-built-1; travel-friendly-1; premium-quality-1,,,,,warranty,,,,Painless hair removal & bouncy curls are just a click away! ,,,,,,,,,,g,active
hair-curling-wand-epilator,Hair Curling Wand & Body Epilator Combo,"Designed for precise hair removal, Body epilator and shaver offers efficient epilation from roots and smooth shaving. While you can get natural curls and twirls with Hair Curling Wand.",Winston Electronics,Uncategorized,,,True,Title,Default Title,,WCWBE-101,0.0,shopify,78.0,deny,manual,3513.0,5980.0,True,True,,"['https://cdn.shopify.com/s/files/1/0615/3355/2855/files/HairCurlingWand_Epilator.png?v=1743055632', 'https://cdn.shopify.com/s/files/1/0615/3355/2855/files/HairCurlingWand-Display.png?v=1740393353', 'https://cdn.shopify.com/s/files/1/0615/3355/2855/files/Epilator.png?v=1740043702']","[1, 2, 3]","[nan, 'Hair Curling Wand', 'Body Epilator & Shaver']",False,,,,,,,,hair-curling-wand; body-epilator,,easy-to-use-2; sturdy-built-1; premium-quality-1; travel-friendly-1,,,,,warranty,,,,For effortless hair removal from roots and flawless defined curls with ease. ,,,,,,,,,,g,active
hair-waver-2-in-1-face-eyebrow-trimmer,2 in 1 Trimmer & Hair Waver Combo,"Keep your hair wavy, textured, and effortlessly beachy with every pass of Hair Waver. Also, manage your facial and eyebrow hair painlessly with 2 in 1 face and eyebrow trimmer.",Winston Electronics,Uncategorized,,,True,Title,Default Title,,WHWFET-101,0.0,shopify,220.0,deny,manual,4368.0,7980.0,True,True,,"['https://cdn.shopify.com/s/files/1/0615/3355/2855/files/HairWaver_2in1face_EyebrowTrimmer.png?v=1743055273', 'https://cdn.shopify.com/s/files/1/0615/3355/2855/files/2_in_1_Face_and_Eyebrow_Trimmer.jpg?v=1764146043', 'https://cdn.shopify.com/s/files/1/0615/3355/2855/files/HairWaver.png?v=1743055300']","[1, 2, 3]","[nan, '2 in 1 Face and Eyebrow Trimmer', 'Hair Waver']",False,,,,,,,,2-in-1-face-eyebrow-trimmer; hair-waver,,easy-to-use-2; sturdy-built-1; premium-quality-1; travel-friendly-1,,,,,warranty,,,,Keep them wavy and effortlessly beachy while managing your facial and eyebrow hair painlessly. ,,,,,,,,,,g,active
hair-waver-led-comb,Hair Waver & LED Comb Combo,"Keep your hair wavy, textured, and effortlessly beachy with every pass of Hair Waver. Also, take advance care of your hair with LED Comb that brings multiple advantages with its red light, blue light, and 3 massage modes.",Winston Electronics,Uncategorized,,,True,Color,"['White', 'Grey']",,"['WHWLC-101', 'WHWLC-102']",0.0,shopify,"[50.0, 48.0]",deny,manual,4938.0,7980.0,True,True,,"['https://cdn.shopify.com/s/files/1/0615/3355/2855/files/waver_and_led_comb.png?v=1743157962', 'https://cdn.shopify.com/s/files/1/0615/3355/2855/files/waver_and_led_comb_white.png?v=1743157962', 'https://cdn.shopify.com/s/files/1/0615/3355/2855/files/LED_Light_Hair_Therapy_Comb_-_White.jpg?v=1764257078', 'https://cdn.shopify.com/s/files/1/0615/3355/2855/files/Hair_Waver.png?v=1743158193']","[1, 2, 3, 4]","['Hair Waver & Grey LED Comb Combo', 'Hair Waver & White LED Comb Combo', 'LED Light Hair Therapy Comb - White', 'Hair Waver']",False,,,,,,,,hair-waver; led-hair-growth-comb,,easy-to-use-2; sturdy-built-1; premium-quality-1; travel-friendly-1,,,,,warranty,,,,It's time to style while keeping your hair healthy with with 2 LED Lights and massaging function. ,,,,,,,,,"['https://cdn.shopify.com/s/files/1/0615/3355/2855/files/waver_and_led_comb_white.png?v=1743157962', 'https://cdn.shopify.com/s/files/1/0615/3355/2855/files/waver_and_led_comb.png?v=1743157962']",g,active
3-in-1-hair-blow-brush-2-in-1-face-eyebrow-trimmer,3 in 1 Hair Blow Brush & 2 in 1 Trimmer Combo,"Say goodbye to frizz and hello to instant volume, shine, and curls with 3 in 1 hair blow brush. Also, with 2 in 1 face & eyebrow trimmer say goodbye to painless hair removal and eyebrow shaping.",Winston Electronics,Uncategorized,,,True,Color,"['Rose Gold', 'Grey']",,"['W3BBFET-102', 'W3BBFET-101']",0.0,shopify,"[390.0, 95.0]",deny,manual,3798.0,6980.0,True,True,,"['https://cdn.shopify.com/s/files/1/0615/3355/2855/files/Rose_Gold_-_3_in_1_Hair_Blow_Brush_2_in_1_Face_Eyebrow_Trimmer.png?v=1764146043', 'https://cdn.shopify.com/s/files/1/0615/3355/2855/files/3in1BlowBrushPink.png?v=1764146043', 'https://cdn.shopify.com/s/files/1/0615/3355/2855/files/2_in_1_Face_and_Eyebrow_Trimmer.jpg?v=1764146043', 'https://cdn.shopify.com/s/files/1/0615/3355/2855/files/Grey_-_3_in_1_Hair_Blow_Brush_2_in_1_Face_Eyebrow_Trimmer.png?v=1764146043']","[1, 2, 3, 4]","['Rose Gold - 3 In 1 Blow Brush & 2 in 1 Trimmer', '3 in 1 Blow Brush - Pink', '2 in 1 Face and Eyebrow Trimmer', 'Grey - 3 In 1 Blow Brush & 2 in 1 Trimmer']",False,,,,,,,,2-in-1-face-eyebrow-trimmer; hair-blow-brush-1; blow-brush-dryer-and-curler-attachment,,easy-to-use-2; sturdy-built-1; premium-quality-1; travel-friendly-1,,,,,warranty,,,,The multi-styler and hair removal duo! Volumized styles and painless hair removal is just a click away. ,,,,,,,,,"['https://cdn.shopify.com/s/files/1/0615/3355/2855/files/Rose_Gold_-_3_in_1_Hair_Blow_Brush_2_in_1_Face_Eyebrow_Trimmer.png?v=1764146043', 'https://cdn.shopify.com/s/files/1/0615/3355/2855/files/Grey_-_3_in_1_Hair_Blow_Brush_2_in_1_Face_Eyebrow_Trimmer.png?v=1764146043']",g,active
3-in-1-hair-blow-brush-3-in-1-bikini-body-trimmer,3 in 1 Blow Brush & Bikini Trimmer Combo,"Say goodbye to frizz and hello to instant volume, shine, and curls with 3 in 1 hair blow brush. With 3 in 1 bikini and body trimmer, say good bye painless hair removal and manage unwanted your facial, eyebrow, body, and bikini hair effortlessly.",Winston Electronics,Uncategorized,,,True,Color,"['Rose Gold', 'Grey']",,"['W3BBBT-102', 'W3BBBT-101']",0.0,shopify,"[364.0, 48.0]",deny,manual,3466.0,6080.0,True,True,,"['https://cdn.shopify.com/s/files/1/0615/3355/2855/files/Rose_Gold_-_3_in_1_Hair_Blow_Brush_3_in_1_Bikini_Body_Trimmer_2.png?v=1764145971', 'https://cdn.shopify.com/s/files/1/0615/3355/2855/files/3in1BlowBrushPink.png?v=1764146043', 'https://cdn.shopify.com/s/files/1/0615/3355/2855/files/3in1BBTrimmer.png?v=1764145971', 'https://cdn.shopify.com/s/files/1/0615/3355/2855/files/Grey_-_3_in_1_Hair_Blow_Brush_3_in_1_Bikini_Body_Trimmer_2.png?v=1764145971']","[1, 2, 3, 4]","['Rose Gold - 3 in 1 Blow Brush & Bikini Trimmer Combo', '3 in 1 Blow Brush - Pink', '3 in 1 Bikini & Body Trimmer', 'Grey - 3 in 1 Blow Brush & Bikini Trimmer Combo']",False,,,,,,,,hair-blow-brush-1; blow-brush-dryer-and-curler-attachment; bikini-body-trimmer,,easy-to-use-2; sturdy-built-1; travel-friendly-1; premium-quality-1,,,,,warranty,,,,"All-in-one styling and hair removal duo for instant volumized styles and smooth, hair-free skin. ",,,'2,,,,,,"['https://cdn.shopify.com/s/files/1/0615/3355/2855/files/Rose_Gold_-_3_in_1_Hair_Blow_Brush_3_in_1_Bikini_Body_Trimmer_2.png?v=1764145971', 'https://cdn.shopify.com/s/files/1/0615/3355/2855/files/Grey_-_3_in_1_Hair_Blow_Brush_3_in_1_Bikini_Body_Trimmer_2.png?v=1764145971']",g,active
3-in-1-hair-blow-brush-callus-remover,3 in 1 Blow Brush & Callus Remover Combo,"Say goodbye to frizz and hello to instant volume, shine, and curls with 3 in 1 hair blow brush. With callus remover get a spa-like pedicure experience to eliminate dry, rough, and calloused skin.",Winston Electronics,Uncategorized,,Winston Hair,True,Color,"['Rose Gold', 'Grey']",,"['W3BBCR-102', 'W3BBCR-101']",0.0,shopify,"[397.0, 98.0]",deny,manual,3276.0,6080.0,True,True,,"['https://cdn.shopify.com/s/files/1/0615/3355/2855/files/Rose_Gold_-_3_in_1_Hair_blow_brush_callus_remover_2.png?v=1764145962', 'https://cdn.shopify.com/s/files/1/0615/3355/2855/files/3in1BlowBrushPink.png?v=1764146043', 'https://cdn.shopify.com/s/files/1/0615/3355/2855/files/01_Callus_Remover.png?v=1764145962', 'https://cdn.shopify.com/s/files/1/0615/3355/2855/files/Grey_-_3_in_1_Hair_blow_brush_callus_remover_2.png?v=1764145962']","[1, 2, 3, 4]","['Rose Gold - 3 in 1 Blow Brush & Callus Remover Combo', '3 in 1 Blow Brush - Pink', 'Callus Remover', 'Grey - 3 in 1 Blow Brush & Callus Remover Combo']",False,,,,,,,,hair-blow-brush-1; callus-remover,,easy-to-use-2; sturdy-built-1; travel-friendly-1; premium-quality-1,,,,,warranty,,,,"The top seller combo! Say goodbye to frizzy, flat hair and eliminate feet's dead skin instantly. ",,,,,,,,,"['https://cdn.shopify.com/s/files/1/0615/3355/2855/files/Rose_Gold_-_3_in_1_Hair_blow_brush_callus_remover_2.png?v=1764145962', 'https://cdn.shopify.com/s/files/1/0615/3355/2855/files/Grey_-_3_in_1_Hair_blow_brush_callus_remover_2.png?v=1764145962']",g,active
crimper-tong-combo,Hair Crimper & Tong Combo,"Keep them curled, crimped and stunning with Hair Crimper and Hair Curling Tong. The crimper adds stunning depths to your hair and curling tong delivers long-lasting, bouncy curls with a smooth, frizz-free finish, giving you that perfect, effortless look for any occasion.",Winston Electronics,Uncategorized,,,True,Title,Default Title,,WHCCT-101,0.0,shopify,44.0,deny,manual,3275.6,4980.0,True,True,,"['https://cdn.shopify.com/s/files/1/0615/3355/2855/files/Crimper_Tong.png?v=1743057619', 'https://cdn.shopify.com/s/files/1/0615/3355/2855/files/HairCrimper.png?v=1745405222', 'https://cdn.shopify.com/s/files/1/0615/3355/2855/files/HairCurlingTong.png?v=1740044380']","[1, 2, 3]","[nan, 'Hair Crimper', 'Hair Curling Tong']",False,Hair Crimper & Tong Combo ,,,,,,,hair-curling-tong; hair-crimper,,easy-to-use-2; travel-friendly-1; premium-quality-1; sturdy-built-1,,,,,warranty,,,,"Keep them curled, crimped and stunning while leaving them shiny and stunning. ",,,,,,,,,,g,active
crimper-straightener-combo,Hair Crimper & Straightener Combo,"Keep them crimped, voluminous, straight, and smooth with Hair Crimper and Straightener. The crimper adds stunning depths to your hair and hair straightener effortlessly straighten and style your hair, leaving it smooth, shiny, and manageable.",Winston Electronics,Uncategorized,,,True,Title,Default Title,,WHCHS-101,0.0,shopify,289.0,deny,manual,3323.1,4980.0,True,True,,"['https://cdn.shopify.com/s/files/1/0615/3355/2855/files/Crimper_Straightener.png?v=1743056272', 'https://cdn.shopify.com/s/files/1/0615/3355/2855/files/HairCrimper.png?v=1745405222', 'https://cdn.shopify.com/s/files/1/0615/3355/2855/files/HairStraightner.png?v=1743056202']","[1, 2, 3]","[nan, 'Hair Crimper', 'Hair Straightener']",False,,,,,,,,hair-crimper; hair-straightener,,easy-to-use-2; sturdy-built-1; premium-quality-1; travel-friendly-1,,,,,warranty,,,,"Keep them crimped, voluminous, straight, and smooth while leaving them smooth, shiny, and manageable.",,,'1,,,,,,,g,active
led-mask-skin-lifting,LED Face Mask & Skin Lift Device Combo,"Take advance care of your skin with LED Face Mask and Skin Lift Device. Created using advanced ultra violet and thermal vibration technology, skin lift device defies skin sagging. While LED Mask brings multiple advantages with its red, blue, and amber light.",Winston Electronics,Uncategorized,,,True,Title,Default Title,,WLMSLD-101,0.0,shopify,85.0,deny,manual,4273.0,6980.0,True,True,,"['https://cdn.shopify.com/s/files/1/0615/3355/2855/files/LEDFaceMask_SkinLiftDeviceCombo.png?v=1743054972', 'https://cdn.shopify.com/s/files/1/0615/3355/2855/files/3-in-1_LED_Face_Mask.png?v=1764257078', 'https://cdn.shopify.com/s/files/1/0615/3355/2855/files/SkinliftDevice.png?v=1743055048']","[1, 2, 3]","[nan, '3-in-1 LED Face Mask', 'Skin Lift Device']",False,,,,,,,,led-hair-growth-comb-1; skin-lift-device,,travel-friendly-1; easy-to-use-2; premium-quality-1; sturdy-built-1,,,,,warranty,,,,,,,,,,,,,,g,active
callus-remover-skin-lifting,Callus Remover & Skin Lifting Device Combo,"Engineered to effortlessly smooth out fine lines and wrinkles, Winston skin lift device helps firm the skin. On the other hand, Callus Remover is a cutting-edge device that combines precision engineering with unparalleled comfort and effortlessly eliminates dry, rough, and calloused skin.",Winston Electronics,Uncategorized,,,True,Title,Default Title,,WCRSLD-101,0.0,shopify,221.0,deny,manual,3181.0,5580.0,True,True,,"['https://cdn.shopify.com/s/files/1/0615/3355/2855/files/CallusSkinlift.png?v=1743056332', 'https://cdn.shopify.com/s/files/1/0615/3355/2855/files/01_Callus_Remover.png?v=1764145962', 'https://cdn.shopify.com/s/files/1/0615/3355/2855/files/SkinliftDevice.png?v=1743055048']","[1, 2, 3]","[nan, 'Callus Remover', 'Skin Lift Device']",False,,,,,,,,skin-lift-device; callus-remover,,travel-friendly-1; easy-to-use-2; sturdy-built-1; premium-quality-1,,,,,warranty,,,,"Engineered to effortlessly smooth out fine lines, wrinkles and eleminates feet's dead skin and callus. ",,,'1,,,,,,,g,active
led-comb-skin-lifting,LED Comb & Skin Lifting Device Combo,"Take advance care of your skin and hair with this combo. Engineered to effortlessly smooth out fine lines and wrinkles, skin lift device helps firm the skin. On the other hand, LED Comb brings multiple advantages with red, blue light, and 3 massage modes.",Winston Electronics,Uncategorized,,,True,Color,"['White', 'Grey']",,"['WLCSLD-101', 'WLCSLD-102']",0.0,shopify,"[213.0, 223.0]",deny,manual,4273.0,5980.0,True,True,,"['https://cdn.shopify.com/s/files/1/0615/3355/2855/files/Callus_Skin_lift_2.jpg?v=1743159530', 'https://cdn.shopify.com/s/files/1/0615/3355/2855/files/Led_Comb_white_Skin_lift_2.png?v=1743159530', 'https://cdn.shopify.com/s/files/1/0615/3355/2855/files/LED_Light_Hair_Therapy_Comb_-_White.jpg?v=1764257078', 'https://cdn.shopify.com/s/files/1/0615/3355/2855/files/SkinliftDevice.png?v=1743055048']","[1, 2, 3, 4]","['LED Comb & Skin Lifting Device Combo', 'Grey LED Comb & Skin Lifting Device Combo', 'LED Light Hair Therapy Comb - White', 'Skin Lift Device']",False,,,,,,,,skin-lift-device; led-hair-growth-comb,,premium-quality-1; easy-to-use-2; sturdy-built-1; travel-friendly-1,,,,,warranty,,,,"Take advance care of your skin and hair with  ultra violet, thermal vibration and led light therapy.",,,,,,,,,"['https://cdn.shopify.com/s/files/1/0615/3355/2855/files/Callus_Skin_lift_2.jpg?v=1743159530', 'https://cdn.shopify.com/s/files/1/0615/3355/2855/files/Led_Comb_white_Skin_lift_2.png?v=1743159530']",g,active
2-in-1-face-trimmer-skin-lifting,2 in 1 Face Trimmer & Skin Lift Device Combo,"Say goodbye to your skin sagging and facial hair with ease. Engineered to effortlessly smooth out fine lines and wrinkles, Winston skin lift device helps firm the skin. While 2 in 1 face & eyebrow trimmer is designed for painless and precise touch-ups.",Winston Electronics,Uncategorized,,,True,Title,Default Title,,WFETSLD-101,0.0,shopify,440.0,deny,manual,3703.0,6480.0,True,True,,"['https://cdn.shopify.com/s/files/1/0615/3355/2855/files/2in1FaceTrimmer_SkinLiftDeviceCombo.jpg?v=1743053364', 'https://cdn.shopify.com/s/files/1/0615/3355/2855/files/SkinliftDevice.png?v=1743055048', 'https://cdn.shopify.com/s/files/1/0615/3355/2855/files/2_in_1_Face_and_Eyebrow_Trimmer.jpg?v=1764146043']","[1, 2, 3]","[nan, 'Skin Lift Device', '2 in 1 Face and Eyebrow Trimmer']",False,,,,,,,,skin-lift-device; 2-in-1-face-eyebrow-trimmer,,easy-to-use-2; travel-friendly-1; premium-quality-1; sturdy-built-1,,,,,warranty,,,,"Say goodbye to sagging skin & facial hair with smooth, painless care.",,,,,,,,,,g,active
body-lotion,Body Lotion,"Nourish and hydrate your skin daily with Winston Body Lotion. Enriched with Almond Oil, Shea Butter & Aloe Vera, it absorbs quickly, soothes dry spots, and leaves skin soft, smooth, and non-greasy. Suitable for all skin types.",Winston,Health & Beauty > Personal Care > Cosmetics > Skin Care > Sunscreen,,,True,Title,Default Title,,WBL-101,0.0,shopify,745.0,deny,manual,99.0,590.0,True,True,,https://cdn.shopify.com/s/files/1/0615/3355/2855/files/BodyLotion.png?v=1740719559,1,Body Lotion,False,"Body Lotion | Deep Hydration for Soft, Smooth Skin",Wrap your skin in smoothness with body lotion deeply hydrating & nourishing formula for lasting softness.,2844,,,,,,how-is-winston-body-lotion-effective; can-this-body-lotion-be-used-daily; what-are-the-ingredients-of-winston-body-lotion; what-are-the-benefits-of-winston-body-lotion; additional-information,cruelty-free; alcohol-free; natural; vegan,,,,,,,,,Wrap your skin in smoothness with this deeply hydrating & nourishing formula for lasting softness.,,,'1,,,,,,,kg,active
hair-growth-oil,Hair Growth Oil,"Revitalize your roots for stronger, healthier hair. Infused with natural botanicals, our hair growth oil works to deeply nourish and strengthen your hair from the roots, encouraging growth and giving you healthier, more voluminous strands.",Winston,Health & Beauty > Personal Care > Cosmetics > Skin Care > Sunscreen,,,True,Title,Default Title,,WHO-101,0.0,shopify,946.0,deny,manual,99.0,590.0,True,True,,https://cdn.shopify.com/s/files/1/0615/3355/2855/files/HairGrowthOil.png?v=1740721248,1,Hair Growth Oil,False,Hair Growth Oil | Boost Hair Growth & Reduce Hair Fall Naturally,"Boost hair growth and reduce hair fall with Winston Hair Growth Oil. Powered by Onion, Argan & Neem Oils to nourish roots and strengthen hair naturally.",2844,,,,,,how-is-winston-hair-growth-oil-effective; can-this-glow-oil-be-used-daily-1; what-are-the-ingredients-of-winston-hair-growth-oil; what-are-the-benefits-of-winston-hair-growth-oil; additional-information-1,paraben-free; alcohol-free; glycol-free; colorants-free,,,,,,,,Hair Growth Oil,Let your hair thrive with this nourishing oil that stimulates growth and restores vitality.,,,,,,,,,,kg,active
airizona,Airizona | High Speed BLDC Hair Dryer,"Winston Art Airizona, India's first hair dryer with BLDC high speed motor cares for all - you, your little ones and even your furry friends.    Smart, Future-forward Functional Modes: Airizona isn't just another hair dryer, it's a whole bundle of drying experience. With 6 intelligent functional modes including long hair mode, short hair mode, isothermal mode, alternating warm and cold mode, baby mode, and pet mode, you can switch to your drying needs effortlessly.    3 Styling Attachments: Made to deliver much more than hair drying, the Airizona comes with a hair diffuser, concentrator, and fly away tamer. So handle your curls well and get the best detailed styling while taming all your flyaways.    No Heat Damage Plasma Ion Tech: Designed for all hair types, Airizona's balanced positive and negative ion technology reduces frizz up to 40% and boosts shine by 50%.   Ultra-fast Drying with BLDC Motor: Featured with 110000RPM Brushless Motor, Airizona delivers 3 minutes quick drying.    For All Hair Types: Comes with 3 temperature modes and 2 speed modes, the Airizona ensures smoother results for all hair types.    Grip Sensor Technology: Equipped with an intelligent chip and precise grip sensing, Airizona pauses when you put it down and resumes exactly where you left off, making styling smarter and more intuitive.   Order within 6 hours & get flat ₹1,000* off on prepaid orders.",Winston,Home & Garden > Household Supplies > Storage & Organization > Household Storage Containers,Hair Dryer,"all, winston, Winston Art",True,Title,Default Title,,WARHD-101,0.0,shopify,170.0,deny,manual,10999.0,19999.0,True,True,,"['https://cdn.shopify.com/s/files/1/0615/3355/2855/files/01AirizonaWithMultipleAttachments.png?v=1752495575', 'https://cdn.shopify.com/s/files/1/0615/3355/2855/files/02AirizonaWithAttachments_3D.png?v=1752560065', 'https://cdn.shopify.com/s/files/1/0615/3355/2855/files/03TheAirizonaWithAirCollectingConcentrator.png?v=1752560651', 'https://cdn.shopify.com/s/files/1/0615/3355/2855/files/04UsageofAirizonaAfterBefore.png?v=1752560580', 'https://cdn.shopify.com/s/files/1/0615/3355/2855/files/05Airizona-TheHairDiffuser.png?v=1752560548', 'https://cdn.shopify.com/s/files/1/0615/3355/2855/files/06Airizona-TheFlyawayTamer.png?v=1752560521', 'https://cdn.shopify.com/s/files/1/0615/3355/2855/files/07Airizona-TheHairDryer.png?v=1752560496', 'https://cdn.shopify.com/s/files/1/0615/3355/2855/files/08AirizonaWIthBLDCHighSpeedMotor.png?v=1752560371', 'https://cdn.shopify.com/s/files/1/0615/3355/2855/files/09Airizona-TheGripSensor.png?v=1752560357', 'https://cdn.shopify.com/s/files/1/0615/3355/2855/files/10AirizonaWith1YearWarranty.png?v=1752560324']","[1, 2, 3, 4, 5, 6, 7, 8, 9, 10]","['Airizona With High Speed BLDC Hair Dryer', 'Airizona High Speed BLDC Hair Dryer', 'Airizona With Air Collecting Concentrator', 'After Using the Airizona Hair Dryer', 'Airizona With Hair Diffuser', 'Airizona With Flyaway Tamer', 'The Ultimate Hair Dryer For Ultra Hot Results', 'BLDC High Speed Motor With 110000 RPM', 'The Airizona Grip Sensor', 'Airizona With 1 Year Warranty']",False,Airizona | High Speed BLDC Hair Dryer,"Much more than a hair dryer, Airizona has 6 intelligent modes, BLDC high speed motor for quick drying, and Plasma Ions technology for no heat damage.",Health & Beauty > Personal Care > Shaving & Grooming > Hair Clippers & Trimmers,unisex,adult,new,True,airizona; hair-diffuser; air-collecting-concentrator; flyaway-tamer; user-manual-29,how-is-winston-art-airizona-effective-1; what-is-the-role-of-bldc-high-speed-motor-1; can-winston-art-airizona-be-used-on-all-hair-types; does-witnsotn-art-airizona-damage-hair-from-heat; is-the-winston-art-airizona-safe-for-daily-use; how-do-i-maintain-and-clean-winston-art-airizona; does-winston-airizona-come-with-a-warranty; additional-information-2,bldc-high-speed-motor; smart-grip-sensor-technology; plasma-ions-technology; 3-styling-attachments,products-banner-qwur5agl,products-banner-6n3lhdpk,product-banner-2-3pqf2woy,product-banner-3-gsnra4om,product-faq-tmjmpohs; product-faq-fln53dml; warranty,,https://cdn.shopify.com/s/files/1/0615/3355/2855/files/Airizona_-_Product_Manual.pdf,Airizona,"Not just a dryer! It's a styler that cares for all - you, your little ones and your pets.",,True,'19,,,,,,,g,active
flexy-multi-hair-styler,Flexy | 8-in-1 Multi Hair Styler and Dryer,"Winston Art Flexy, India's first no heat damage multi-styler with plasma ion tech gives you more ways to flex, style, and slay.    Flexibility At Its Peak: Transform your dryer into a multi-styler with just one twist. Push the rotate button, twist and turn the upper half and switch to your desired styling mode.   The 8 Styling Attachments: Dry, straight, curl automatically, volumize, smoothen, and tame flyaway easily with just one tool.   No Heat Damage Plasma Ion Tech: Designed for all hair types, Flexy's balanced positive and negative ion technology reduces frizz up to 40% and boosts shine by 50%.  Ultra-fast Drying with BLDC Motor: Featured with 110000RPM Brushless Motor, Flexy delivers 2 minutes quick drying.   For All Hair Types: Comes with 4 temperature modes, 3 speed modes, and 1 click cold air, the flexy ensures smoother styling for all hair types.   The Premium Storage Case: Carry your Flexy in style! The luxury case keeps your styler and attachments safe and organized.   Order within 6 hours & get flat ₹1,000* off on prepaid orders.",Winston,Home & Garden > Household Supplies > Storage & Organization > Household Storage Containers,Multi Hair Styler,"all, Winston Art",True,Title,Default Title,,WARHS-101,0.0,shopify,128.0,deny,manual,15999.0,24999.0,True,True,,"['https://cdn.shopify.com/s/files/1/0615/3355/2855/files/01FlexyWithMulti_Hair_Styler_and_Dryer.png?v=1752560717', 'https://cdn.shopify.com/s/files/1/0615/3355/2855/files/02FlexyTheMultiHair_Styler.png?v=1752560751', 'https://cdn.shopify.com/s/files/1/0615/3355/2855/files/final_flexy_1_1_image.png?v=1752495456', 'https://cdn.shopify.com/s/files/1/0615/3355/2855/files/3_AirizonaWithLeftRightAirMagicWands.png?v=1752560892', 'https://cdn.shopify.com/s/files/1/0615/3355/2855/files/4_FlexyWithCurlEnhancer.png?v=1752560918', 'https://cdn.shopify.com/s/files/1/0615/3355/2855/files/5_FlexyWithFlyawayTamer.png?v=1752560943', 'https://cdn.shopify.com/s/files/1/0615/3355/2855/files/6_FlexyWithAirCollectingConcentrator.png?v=1752560969', 'https://cdn.shopify.com/s/files/1/0615/3355/2855/files/7_UsageImageofFlexy.png?v=1752561050', 'https://cdn.shopify.com/s/files/1/0615/3355/2855/files/8_FlexyWithQuickDryStyler.png?v=1752561109', 'https://cdn.shopify.com/s/files/1/0615/3355/2855/files/Root_volumizer_flexy.png?v=1753949071', 'https://cdn.shopify.com/s/files/1/0615/3355/2855/files/9_FlexyWithVolumeBooster.png?v=1753949071', 'https://cdn.shopify.com/s/files/1/0615/3355/2855/files/11_FlexyWithQuickDrying.png?v=1753949071', 'https://cdn.shopify.com/s/files/1/0615/3355/2855/files/12_FlexyWithPlasmaionTechnology.png?v=1753949071', 'https://cdn.shopify.com/s/files/1/0615/3355/2855/files/13_FlexyWith1YearWarranty.png?v=1753949071']","[1, 2, 3, 4, 5, 6, 7, 8, 9, 10, 11, 12, 13, 14]","['Flexy With Multi Hair Styler and Dryer', 'Flexy The Multi Hair Styler', 'Flexy Multi Hair Styler and Dryer', 'Airizona With Left Right Air Magic Wands', 'Flexy With Curl Enhancer', 'Flexy With Flyaway Tamer', 'Flexy With Air Collecting Concentrator', 'Usage Image - After Before Using Flexy', 'Flexy With Quick Dry Styler', 'Root Volumiser - Flexy', 'Flexy With Volume Booster', 'Flexy With Quick Drying', 'Flexy With Plasma ION Technology', 'Flexy With 1 Year Warranty']",False,,"The Flexy Multi Hair Styler meets all your styling needs without heat damage, with Plasma Ions Technology and a BLDC high-speed motor for smooth, fast, and effortless styling.",5631,,,,,flexy; flyaway-tamer-1; left-air-magic-wand; right-air-magic-wand; curl-enhancer; air-collecting-concentrator-1; quickdry-styler; root-volumiser; volume-booster; user-manual-29,how-is-winston-art-flexy-effective-1; what-is-the-role-of-bldc-high-speed-motor; can-winston-art-flexy-be-used-on-all-hair-types; does-witnsotn-art-flexy-damage-hair-from-heat; is-the-winston-art-flexy-safe-for-daily-use; what-is-coanda-technology-does-flexy-has-coanda-technology; what-is-the-use-of-the-cool-shot-button-in-flexy; how-do-i-maintain-and-clean-winston-art-flexy; does-winston-flexy-come-with-a-warranty; additional-information-3,bldc-high-speed-motor-1; plasma-ions-technology-1; 8-styling-attachments; multiple-temperature-speed-modes,products-banner-g42oxwfq,products-banner-sswvzsyy,product-banner-2-djlkolxx,product-banner-3-hmjsjnk6,product-faq-mejmtsfc; product-faq-vxvoekrg; warranty,,https://cdn.shopify.com/s/files/1/0615/3355/2855/files/Flexy_-_Product_Manual.pdf,Flexy,"The Multi-styler! Dry, curl, smoothen, volumize, hide flyaway and style with no heat damage.",,,'39,,,,,,,kg,active
split-end-trimmer,"Split End Trimmer | Rechargeable, Two-Way Motor to Trim Damaged Hair","Winston split end trimmer aka India's first digital split end trimmer is your go-to for saving time, energy, and money on salon visits.  Trimming mechanism to snip split-ends, fly-away, and damaged ends   Enclosed cutting mechanism trims only when trimming arms are enclosed   Two-way motor to trim for ease of use with left and right hand  Secure lock mechanism for safer storage  Digital display for better control   Rechargeable design supported by type-c",Winston Electronics,Health & Beauty > Personal Care > Hair Care,Split End Trimmer,Winston Hair,True,Title,Default Title,,WSET-101,0.0,shopify,1843.0,deny,manual,3799.0,5990.0,True,True,,"['https://cdn.shopify.com/s/files/1/0615/3355/2855/files/SplitEndTrimmer-TrimDamagedHair.jpg?v=1744434856', 'https://cdn.shopify.com/s/files/1/0615/3355/2855/files/01SplitEndTrimmer.png?v=1744434856', 'https://cdn.shopify.com/s/files/1/0615/3355/2855/files/02SplitEndTrimmer.png?v=1744434856', 'https://cdn.shopify.com/s/files/1/0615/3355/2855/files/03SplitEndsEffortlessly.png?v=1744434856', 'https://cdn.shopify.com/s/files/1/0615/3355/2855/files/04SplitEndTrimmer-120MinUsagePerCharge.png?v=1744434856', 'https://cdn.shopify.com/s/files/1/0615/3355/2855/files/05SplitEndTrier-1YearWarranty.png?v=1744434856']","[1, 2, 3, 4, 5, 6]","[nan, 'Split End Trimmer - Winston Hair', 'Snips Split-Ends Not Length - Split End Trimmer', 'Bid Farewell To Split Ends Effortlessly - Split End Trimmer', 'Split End Trimmer - 120 Min Usage Per Charge', 'Split End Trimmer - 1 Year Warranty']",False,"Split End Trimmer | Rechargeable, Two-Way Motor to Trim Damaged Hair","Say goodbye to damaged hair with the winston split end trimmer, the perfect split end hair trimmer for smooth, healthy hair. Trim damaged hair with split end hair removal tool.",486,unisex,adult,new,True,split-end-trimmer; charging-cable-17; user-manual-30,what-does-split-end-trimmer-do; will-the-split-end-trimmer-cut-my-hair-short; can-i-use-a-winston-split-end-trimmer-for-all-hair-types; how-to-clean-and-maintain-the-split-end-trimmer; what-does-the-digital-display-in-winston-hair-split-end-trimmer; additional-information-4,enclosed-linear-trimming-mechanism; split-ends-collection-chamber; digital-display-6; secure-lock-mechanism,products-banner-labdjedj,products-banner-2ljqa1hi,product-banner-2-irjewgjl,product-banner-3-skg0ebt0,product-faq-ufmv9kpo; product-faq-iioxvusy; warranty,,https://cdn.shopify.com/s/files/1/0615/3355/2855/files/Split_End_Trimmer_Manual.pdf,Split End Trimmer,Not only snip the split ends but also the damaged ends which can potentially turn into split ends.,,True,'23,,,,,,,g,active
turbo-x-1600-watt-hair-dryer,Turbo X 1600 Watt | Ambient Mode Hair Dryer,"With the Winston Turbo X 1600W Hair Dryer, it's time to be steady and stylish.   1600 Watt powerful performance  2 heat/speed modes and 1 ambient mode  1 concentrator attachment  Ergonomic grip  Overheat protection",Winston,Health & Beauty > Personal Care > Hair Care > Hair Styling Tools > Hair Dryers,Hair Dryer,Winston Hair,True,Title,Default Title,,WHD-105,415.0,shopify,411.0,deny,manual,1249.0,2490.0,True,True,'8906181980471,"['https://cdn.shopify.com/s/files/1/0615/3355/2855/files/TurboX1600WattAmbientModeHairDryer.png?v=1746685351', 'https://cdn.shopify.com/s/files/1/0615/3355/2855/files/1.WinstonHair-Dryer1600W.png?v=1746685351', 'https://cdn.shopify.com/s/files/1/0615/3355/2855/files/2.HairDryer1600W-GentleDrying.png?v=1746685351', 'https://cdn.shopify.com/s/files/1/0615/3355/2855/files/3.HairDryerForMultipleTemperatureModes.png?v=1746685351', 'https://cdn.shopify.com/s/files/1/0615/3355/2855/files/5.HairDryerWith1YearWarranty.png?v=1746685351']","[1, 2, 3, 4, 5]","[nan, 'Winston Hair - The Turbo X', 'Hair Dryer 1600 W - Gentle Drying', 'Hair Dryer With Multiple Temperature Modes', 'Hair Dryer With 1 Year Warranty']",False,,Experience the Winston Turbo X 1600W Hair Dryer with Ambient Mode. Enjoy versatile styling with 2 heat/speed settings and a detachable concentrator for precision.,490,,,,,turbo-x-dryer; 1-concentrator; user-manual-31,how-is-winston-turbo-x-dryer-effective; what-is-the-role-of-different-temperature-speed-settings-6; is-there-any-warranty-on-the-product-17; additional-information-6,1600-w-high-definition-air; multiple-speed-heat-modes; detachable-concentrator-2; overheating-protection,,,,,product-faq-xu8nhkby; product-faq-iw8ajyww; warranty,,https://cdn.shopify.com/s/files/1/0615/3355/2855/files/Hair_Dryer_1600W_Manual.pdf?v=1755932829,Turbo X 1600 Watt,It's time to be steady and stylish with 1600 watt powerful performance and 2 heat/speed modes with 1 ambient mode.,,,'30,,,,,,,kg,active
turbo-pro-1800-watt-hair-dryer,Turbo Pro 1800 Watt | Cool Shot Hair Dryer,"With Turbo Pro Dryer 1800W, keep it smooth and steady. The pro dryer offers a quick, efficient dying experience, leaving your hair smooth and frizz-free.    1800 Watt powerful performance   2 heat/speed modes  1 ambient mode  1 cool shot  1 concentrator attachment",Winston,Health & Beauty > Personal Care > Hair Care > Hair Styling Tools > Hair Dryers,Hair Dryer,Winston Hair,True,Title,Default Title,,WHD-106,415.0,shopify,0.0,deny,manual,1349.0,2890.0,True,True,'8906181980488,"['https://cdn.shopify.com/s/files/1/0615/3355/2855/files/WinstonTurboPro1800Watt.png?v=1754298561', 'https://cdn.shopify.com/s/files/1/0615/3355/2855/files/1.WinstonHair-TurboPro1800Watt.png?v=1754298561', 'https://cdn.shopify.com/s/files/1/0615/3355/2855/files/2.TurboPro1800WattHairDryer-GentleDrying.png?v=1754298561', 'https://cdn.shopify.com/s/files/1/0615/3355/2855/files/3.TurboPro1800WattHairDryer-MultipleTemp.Modes.png?v=1754298561', 'https://cdn.shopify.com/s/files/1/0615/3355/2855/files/WinstonTurboPro1800WattWithWarranty.png?v=1754298462']","[1, 2, 3, 4, 5]","['Turbo Pro 1800 Watt | Cool Shot Hair Dryer', 'Winston Hair - Turbo Pro 1800 Watt', 'Turbo Pro 1800 Watt With Gentle Drying', 'Turbo Pro 1800 Watt With Multiple Temperature Modes', 'Turbo Pro 1800 Watt With 1 Year Warranty']",False,,"Experience salon-quality styling at home with the Turbo Pro 1800 Watt Hair Dryer. Enjoy powerful airflow, multiple heat settings, and a cool shot for a flawless finish.",490,,,,,turbo-pro-dryer; concentrator-3; user-manual-32,how-is-winston-turbo-pro-dryer-effective; what-is-the-role-of-different-temperature-speed-settings-7; is-there-any-warranty-on-the-product-17; additional-information-8,1800-w-high-definition-air; multiple-speed-heat-modes-1; detachable-concentrator-3; overheating-protection-1800w,,,,,product-faq-ttjqnugr; product-faq-cmhmxkn9; warranty,,https://cdn.shopify.com/s/files/1/0615/3355/2855/files/Turbo_Pro_1800_Manual.pdf,Turbo Pro 1800 Watt,"Keep it smooth and steady with 1800 watt, 2 heat/speed settings, 1 ambient mode, and a cool shot.",,,'37,,,,,,,kg,active
all-in-one-blade-trimmer,All in One Blade Trimmer | Electric Shaver | Bi-Directional Blade,"Winston All In One Blade Trimmer is a versatile men’s grooming tool that lets you trim, edge, shave, and design with ease.   Bi-directional stainless blades for smooth and quick trimming  IPX7 waterproof design for under-the-shower usage Quick rechargeable design supported by type-c   Compact and easy to carry  Order within 6 hours & grab a free ball spray!",Winston Electronics,Health & Beauty > Personal Care > Shaving & Grooming > Electric Razors > Trimmers,trimmer,Winston Trim,True,Title,Default Title,,WOBT-101,200.0,shopify,350.0,deny,manual,1199.0,2399.0,True,True,'8906181980495,"['https://cdn.shopify.com/s/files/1/0615/3355/2855/files/001_AllinOneBladeTrimmer.png?v=1755853142', 'https://cdn.shopify.com/s/files/1/0615/3355/2855/files/002_AllinOneBladeTrimmerBy_WinstonTrim.png?v=1756099995', 'https://cdn.shopify.com/s/files/1/0615/3355/2855/files/004_AllinOneBladeTrimmer_DualSideBlades.png?v=1756099949', 'https://cdn.shopify.com/s/files/1/0615/3355/2855/files/005_AllinOneBladeTrimmer_90MinUsages.png?v=1756100018', 'https://cdn.shopify.com/s/files/1/0615/3355/2855/files/006_AllinOneBladeTrimmer_6CombAttachements.png?v=1756100043', 'https://cdn.shopify.com/s/files/1/0615/3355/2855/files/007_AllinOneBladeTrimmer_Comparison_WithOthers.png?v=1756100061', 'https://cdn.shopify.com/s/files/1/0615/3355/2855/files/009_AllinOneBladeTrimmer_1YearWinstonWarranty.png?v=1756100113']","[1, 2, 3, 4, 5, 6, 7]","['All in One Blade Trimmer | Electric Shaver | Bi-Directional Blade', 'All in One Blade Trimmer | Winston Trim', 'Dual Side Blades For Bi-Directional Trimming - All in One Blade Trimmer', 'All In One Blade Trimmer Supported By Type-C Charging', 'All in One Blade Trimmer Comes With 6 Combs Attachments', 'All in One Blade Trimmer Comparison With Others', 'All in One Blade Trimmer With 1 Year Warranty']",False,,"Discover the Winston All In One Blade Trimmer,  it's perfect for trimming, edging, and shaving. Bi-directional blades and rechargeable for effortless styling anywhere!",7245,,,,,all-in-one-blade-trimmer; type-c-charging-cable; 6-length-comb-attachments; user-manual-33,how-is-winston-all-in-one-blade-trimmer-effective-and-safer; what-kind-of-blades-does-all-in-one-blade-trimmer-for-mens-have; what-is-the-role-of-comb-attachments-provided-with-winston-all-in-one-blade-trimmer; what-is-the-travel-lock-in-this-all-in-one-blade-trimmer; what-is-the-charging-and-run-time-of-this-one-blade-trimmer; is-winston-all-in-one-blade-trimmer-waterproof; how-to-clean-the-device-7; is-there-any-warranty-on-the-product-17; additional-information-5,dual-side-precision-blades; ipx-7-waterproof-design-3; edge-sense-technology-2; one-click-usage-1,,,,,product-faq-bqtipsgd; product-faq-qknbcrkp; warranty,stainless-steel-blades; 1-attachment; 6-length-combs; product-features-text-d9rqrob7; 90-minutes-runtime; charging-indicator-1; type-c; product-features-text-nauceb1i; ipx-7-waterproof-design; product-features-text-3wytgjdm; travel-lock,https://cdn.shopify.com/s/files/1/0615/3355/2855/files/All_in_One_Trimmer_-_User_Manual.pdf,All in One Blade Trimmer,"With dual-side precision blades choose close, smooth trim every glide. Trim it, edge it, and shave it!",,,'48,,,,,,,kg,active
snipper-beard-trimmer,"Snipper Beard Trimmer | Rechargeable, 20 Length Settings",Winston Snipper Beard Trimmer is the men’s grooming trimmer that makes trimming precise and smoother.   Stainless steel blades for safer trimming  Edgesense technology for skin-close trim  7000RPM motor for powerful performance Quick rechargeable design supported by type-c   IPX7 waterproof design for under-the-shower usage  Guided comb dial with up to 20mm length settings  2 length combs for controlled trimming  Order within 6 hours & grab a free ball spray!,Winston Electronics,Health & Beauty > Personal Care > Shaving & Grooming > Electric Razors > Trimmers,trimmer,Winston Trim,True,Title,Default Title,,WSBT-101,265.0,shopify,252.0,deny,manual,899.0,1799.0,True,True,'8906181980501,"['https://cdn.shopify.com/s/files/1/0615/3355/2855/files/SnipperBeardTrimmerForMen.png?v=1752492945', 'https://cdn.shopify.com/s/files/1/0615/3355/2855/files/002_SnipperBeardTrimmer_WinstonTrim.png?v=1756099755', 'https://cdn.shopify.com/s/files/1/0615/3355/2855/files/005_DualSizeBladed_SnipperBeardTrimmer.png?v=1756099755', 'https://cdn.shopify.com/s/files/1/0615/3355/2855/files/006_SnipperBeardTrimmerWithTravelLockMechanism.png?v=1756099755', 'https://cdn.shopify.com/s/files/1/0615/3355/2855/files/007_SnipperBeardTrimmerWithCTypeCharger.png?v=1756099755', 'https://cdn.shopify.com/s/files/1/0615/3355/2855/files/008_SnipperBeardTrimmer_Comparison.png?v=1756099755', 'https://cdn.shopify.com/s/files/1/0615/3355/2855/files/009_SnipperBeardTrimmer_Waterproof.png?v=1756099755', 'https://cdn.shopify.com/s/files/1/0615/3355/2855/files/011_SnipperBeardTrimmer_1YearWarranty.png?v=1756099755']","[1, 2, 3, 4, 5, 6, 7, 8]","['Snipper Beard Trimmer For Men', 'Snipper Beard Trimmer - Winston Trim', 'Dual-Size Bladed For Faster Trimming', 'Trimmer With Travel Lock Mechanism', 'Beard Trimmer Supported By Type-C Charging', 'Comparison of Snipper Beard Trimmer With Others', 'Snipper Beard Trimmer With IPX7 Waterproof Design', 'Snipper Beard Trimmer With 1 Year Replacement Warranty']",False,,"Discover the Winston Snipper Beard Trimmer. With 20 length settings, stainless steel blades, and waterproof design, achieve the perfect trim every time.",533,,,,,snipper-beard-trimmer; type-c-charging-cable-1; 2-length-comb-attachments; 1-full-size-beard-comb; user-manual-34,how-is-winston-snipper-the-beard-trimmer-is-effective-and-safer; what-kind-of-blades-does-this-mens-trimmer-have-3; what-is-the-role-of-comb-attachments-provided-with-snipper-beard-trimmer; what-is-the-charging-and-run-time-of-this-snipper-beard-trimmer; is-this-snipper-beard-trimmer-waterproof; how-to-clean-the-device-8; what-is-the-travel-lock-in-this-snipper-beard-trimmer; is-there-any-warranty-on-the-product-17; additional-information-7,stainless-steel-blades-5; guided-comb-dial; ipx-7-waterproof-design-4; digital-display-7,,,,,product-faq-7xwdnzox; product-faq-37hm4um6; warranty,stainless-steel-blades; 1-attachment; 2-length-combs; guided-comb-dial-supports-upto-20-mm-length-settings; 90-minutes-runtime; digital-display; type-c; product-features-text-nauceb1i; ipx-7-waterproof-design; product-features-text-d9rqrob7; travel-lock-1,https://cdn.shopify.com/s/files/1/0615/3355/2855/files/Snipper_Manual.pdf,Snipper Beard Trimmer,"Keep your beard trimmed, tamed, and tailored with stainless steel blades and 6400 RPM motor powerful performance.",,,'53,black; gray,rechargeable,,,,,kg,active
groom-pro,Groom Pro | 5-in-1 Metal Body Trimmer with Digital Display & EdgeSense Technology,"Winston Groom Pro, the 5 in 1 multi groomer is an all-inclusive trimmer for men.    T-blade, nose, u-blade, and sideburn trimming heads with a shaving head   Edgesense technology for skin-close trim  Stainless steel blades for smoother trimming  Travel lock prevents accidental activation Quick rechargeable design supported by type-c  Compact and easy to carry   Order within 6 hours & grab a free ball spray!",Winston Electronics,Health & Beauty > Personal Care > Shaving & Grooming > Electric Razors > Trimmers,trimmer,Winston Trim,True,Title,Default Title,,WFBT-104W,265.0,shopify,470.0,deny,manual,2299.0,4999.0,True,True,'8906181980518,"['https://cdn.shopify.com/s/files/1/0615/3355/2855/files/GroomPro.jpg?v=1748942917', 'https://cdn.shopify.com/s/files/1/0615/3355/2855/files/001GroomPro-WinstonTrim.png?v=1755854642', 'https://cdn.shopify.com/s/files/1/0615/3355/2855/files/002GroomPro-Men_sGroomer.png?v=1755854641', 'https://cdn.shopify.com/s/files/1/0615/3355/2855/files/003GroomProWith5GroomingHeads.png?v=1755854641', 'https://cdn.shopify.com/s/files/1/0615/3355/2855/files/004GroomProWith100MinUsagePerCharge.png?v=1755854642', 'https://cdn.shopify.com/s/files/1/0615/3355/2855/files/006GroomProWith14CombAttachements.png?v=1755854641', 'https://cdn.shopify.com/s/files/1/0615/3355/2855/files/007GroomProWithTravelLockMechanism.png?v=1755854641', 'https://cdn.shopify.com/s/files/1/0615/3355/2855/files/008GroomProComparison.png?v=1755854642', 'https://cdn.shopify.com/s/files/1/0615/3355/2855/files/0011GroomProPedestalStand.png?v=1755854641', 'https://cdn.shopify.com/s/files/1/0615/3355/2855/files/0012GroomProEdgeSenseTechnology.png?v=1755854641', 'https://cdn.shopify.com/s/files/1/0615/3355/2855/files/0013GroomProOneTrimmer.png?v=1755854641', 'https://cdn.shopify.com/s/files/1/0615/3355/2855/files/0014GroomProWith1YearWarranty.png?v=1755854642']","[1, 2, 3, 4, 5, 6, 7, 8, 9, 10, 11, 12]","['Groom Pro', 'Winston Trim - Groom Pro', 'Groom Pro With 5 Grooming Heads', 'Groom Pro With 100 Min Usage Per Charge', ""Groom Pro With 14 Comb Attachment's"", 'Groom Pro With Travel Lock Mechanism', 'Groom Pro Comparison', 'Groom Pro With Pedestal Stand', 'Groom Pro With EdgeSense Technology', 'Groom Pro . One Trimmer , Versatile Use', 'Groom Pro With 1 Year Warranty']",False,,"Discover the Groom Pro 5-in-1 Metal Body Trimmer For Men, featuring EdgeSense technology and a digital display for precise grooming. ",533,,,,,groom-pro; 4-other-grooming-heads; 13-comb-attachments; 1-cleaning-brush; 1-charging-cable; lubrication-oil; user-manual-35,how-is-winston-groom-pro-effective-and-safer; what-kind-of-blades-does-this-mens-trimmer-have-5; what-is-the-role-of-comb-attachments-provided-with-groom-pro; is-this-groom-pro-waterproof; how-to-clean-the-device-10; is-there-any-warranty-on-the-product-17; groom-pro,5-trimming-heads; stainless-steel-blades-6; digital-display-8; edge-sense-technology-3,,,,,product-faq-j1pykc0w; product-faq-lcgpkmd5; warranty,stainless-steel-blades; 5-attachments; 14-length-combs; product-features-text-9vtm48be; 100-minutes-runtime; digital-display; type-c; product-features-text-d9rqrob7; product-features-text-nauceb1i; pedestal-stand-included; travel-lock-1,https://cdn.shopify.com/s/files/1/0615/3355/2855/files/Groom_Pro_Manual.pdf?v=1755932769,Groom Pro,The 5 in 1 multi grooming trimmer for men featured with edgesense tech and stainless steel blades for smoother trim.,,,'24,,,,,,,kg,active
groom-lite,"Groom Lite | Multi-Groomer with 4 Heads, 7 Combs Attachments & Travel Lock","Winston Groom Lite, the multi-groomer for men comes with 4 grooming heads to make the job easier and quicker.    U-blade, shaving, nose, and t-blade trimming heads  Edgesense technology for skin-close trim  Stainless steel blades ensures smoother trimming   7 length combs for better control   Digital display   Travel lock prevents accidental activation Quick rechargeable design supported by type-c  Compact and easy to carry   Order within 6 hours & grab a free ball spray!",Winston Electronics,Health & Beauty > Personal Care > Shaving & Grooming > Electric Razors > Trimmers,trimmer,Winston Trim,True,Title,Default Title,,WFBT-102,265.0,shopify,398.0,deny,manual,1399.0,2999.0,True,True,'8906181980525,"['https://cdn.shopify.com/s/files/1/0615/3355/2855/files/GroomLite.png?v=1752493410', 'https://cdn.shopify.com/s/files/1/0615/3355/2855/files/01WinstonTrim.png?v=1752493387', 'https://cdn.shopify.com/s/files/1/0615/3355/2855/files/02GroomLite-Men_sGroomer.png?v=1752493387', 'https://cdn.shopify.com/s/files/1/0615/3355/2855/files/03GroomLite-4GroomingHeads.png?v=1752493387', 'https://cdn.shopify.com/s/files/1/0615/3355/2855/files/04GroomLite-90MinUsagePerCharge.png?v=1752493387', 'https://cdn.shopify.com/s/files/1/0615/3355/2855/files/05GroomLite-7CombAttachements.png?v=1752493387', 'https://cdn.shopify.com/s/files/1/0615/3355/2855/files/06GroomLiteWithTravelLockMechanism.png?v=1752493387', 'https://cdn.shopify.com/s/files/1/0615/3355/2855/files/07GroomLiteWith1YearWarranty.png?v=1752493387']","[1, 2, 3, 4, 5, 6, 7, 8]","['Groom Lite - Groomer with 4 Heads', 'Groom Lite - Winston Trim', ""Groom Lite - Men's Groomer"", 'Groom Lite - 4 Grooming Heads', 'Groom Lite - 90 Min Usage Per Charge', 'Groom Lite - 7 Comb Attachments', 'Groom Lite With Travel Lock Mechanism', 'Groom Lite With 1 Year Warranty']",False,,"Discover the Winston Groom Lite, a versatile multi-groomer for men featuring 4 heads, 7 comb attachments, and a travel lock for effortless grooming on the go.",533,,,,,groom-lite; 3-other-grooming-heads; 7-comb-attachments; 1-cleaning-brush-1; 1-charging-cable-1; user-manual-36,how-is-winston-groom-lite-effective-and-safer; what-kind-of-blades-does-this-mens-trimmer-have-4; what-is-the-role-of-comb-attachments-provided-with-groom-lite; is-this-groom-lite-waterproof; how-to-clean-the-device-9; is-there-any-warranty-on-the-product-17; additional-information-11,4-trimming-heads; stainless-steel-blades-7; digital-display-9; edge-sense-technology-4,,,,,product-faq-ijmhxw9i; product-faq-4159y5hv; warranty,stainless-steel-blades; 4-attachments; 7-length-combs; product-features-text-9vtm48be; 90-minutes-runtime; digital-display; type-c; product-features-text-3wytgjdm; product-features-text-d9rqrob7; product-features-text-nauceb1i; travel-lock,https://cdn.shopify.com/s/files/1/0615/3355/2855/files/Groom_Lite_Manual.pdf?v=1755932737,Groom Lite,"The 4 in 1 multi groomer featured with edgesense technology for close, smooth trimming.",,,'39,,,,,,,kg,active
groom-x-trimmer,Groom X | Digital Multi-Groomer with 5 Trimming Heads & 8 Comb Lengths,"Winston Groom X, the 5 in 1 multi groomer combines power, precision, and versatility.   Hair trimming, beard trimming, ear/nose body trimming head, body grooming and micro-shaving heads   8 length combs for better control  Edgesense technology for skin-close trim   Stainless steel blades for smoother trimming  Digital display to track battery level   Travel lock prevents accidental activation Quick rechargeable design   Compact and easy to carry  Order within 6 hours & grab a free ball spray!",Winston Electronics,Health & Beauty > Personal Care > Shaving & Grooming > Electric Razors > Trimmers,trimmer,Winston Trim,True,Title,Default Title,,WFBT-103,265.0,shopify,449.0,deny,manual,1899.0,3999.0,True,True,'8906181980532,"['https://cdn.shopify.com/s/files/1/0615/3355/2855/files/GroomXWithDigitalMulti-Groomer.png?v=1752493224', 'https://cdn.shopify.com/s/files/1/0615/3355/2855/files/001_Winston_Trim_-_Groom_X.png?v=1755854892', 'https://cdn.shopify.com/s/files/1/0615/3355/2855/files/002_Groom_X_Men_s_Groomer.png?v=1755854890', 'https://cdn.shopify.com/s/files/1/0615/3355/2855/files/004._Groom_X_With_90_Min_Usage_Per_Charge.png?v=1755854890', 'https://cdn.shopify.com/s/files/1/0615/3355/2855/files/005_Groom_X_With_8_Comb_Attachements.png?v=1755854890', 'https://cdn.shopify.com/s/files/1/0615/3355/2855/files/006_Groom_X_With_Travel_Lock_Mechanism.png?v=1755854890', 'https://cdn.shopify.com/s/files/1/0615/3355/2855/files/07_Groom_X_Comparison.png?v=1755854890', 'https://cdn.shopify.com/s/files/1/0615/3355/2855/files/08_Groom_X_EdgeSense_Technology.png?v=1755854890', 'https://cdn.shopify.com/s/files/1/0615/3355/2855/files/011_Groom_X_1_Year_Replacement_Warranty.png?v=1755854891']","[1, 2, 3, 4, 5, 6, 7, 8, 9]","['Groom X With Digital Multi-Groomer', 'Winston Trim - Groom X', ""Groom X - Men's Groomer"", 'Groom X With 5 Grooming Heads', 'Groom X With 7 Comb Attachments']",False,,"Discover the Winston Groom X, a versatile 5-in-1 multi-groomer with 5 trimming heads and 8 comb lengths for all your grooming needs. Smooth trims await!",533,,,,,groom-x; 4-other-grooming-heads-1; 8-comb-attachments; 1-cleaning-brush-2; 1-charging-cable-2; lubrication-oil-1; user-manual-37,how-is-winston-groom-x-effective-and-safer; what-kind-of-blades-does-this-mens-trimmer-have-6; what-is-the-role-of-comb-attachments-provided-with-groom-x; is-this-groom-x-waterproof; how-to-clean-the-device-11; is-there-any-warranty-on-the-product-17; additional-information-10,5-trimming-heads-1; stainless-steel-blades-8; digital-display-10; edge-sense-technology-5,,,,,product-faq-gilhffwl; product-faq-abr1pbo2; warranty,stainless-steel-blades; 5-attachments; 8-length-combs; product-features-text-9vtm48be; 90-minutes-runtime; digital-display; 2-pin; product-features-text-3wytgjdm; product-features-text-d9rqrob7; product-features-text-nauceb1i; travel-lock,https://cdn.shopify.com/s/files/1/0615/3355/2855/files/Groom_X_Manual.pdf?v=1755932783,Groom X,Comes with 5 different grooming heads to cater all your grooming needs with precision.,,,'18,,,,,,,kg,active
nut-groomer-1-0-lite-trimmer,Nut Groomer 1.0 Lite | Ball Trimmer with 7-Length Settings Guided Control Dial,Winston Nut Groomer 1.0 Lite is the safest ball trimmer that provides precise control over your grooming routine.    Ceramic blades to prevent nicks and cuts  Edgesense technology for skin-close trim  7000RPM motor for powerful yet gentle trimming Quick rechargeable design supported by type-c  Guided comb dial with up to 21mm length settings   1 length comb for controlled trimming  Order within 6 hours & grab a free ball spray!,Winston Electronics,Health & Beauty > Personal Care > Shaving & Grooming > Electric Razors > Trimmers,trimmer,Winston Trim,True,Title,Default Title,,WNG-103,265.0,shopify,202.0,deny,manual,999.0,1999.0,True,True,'8906181980549,"['https://cdn.shopify.com/s/files/1/0615/3355/2855/files/NutGroomer1.0Lite-BallTrimmer.png?v=1754637275', 'https://cdn.shopify.com/s/files/1/0615/3355/2855/files/001_WinstonTrim-NutGroomer1.0Lite.png?v=1755862231', 'https://cdn.shopify.com/s/files/1/0615/3355/2855/files/002_NutGroomerLite_Men_sGroomer.png?v=1755862231', 'https://cdn.shopify.com/s/files/1/0615/3355/2855/files/003_NutGroomerLite_CombAttachment.png?v=1755862232', 'https://cdn.shopify.com/s/files/1/0615/3355/2855/files/004_NutGroomerLite_CTypeCharging.png?v=1755862232', 'https://cdn.shopify.com/s/files/1/0615/3355/2855/files/005_NutGroomerLite_IntimateArea.png?v=1755862232', 'https://cdn.shopify.com/s/files/1/0615/3355/2855/files/006_NutGroomerLite_SmootherTrim.png?v=1755862231', 'https://cdn.shopify.com/s/files/1/0615/3355/2855/files/007_NutGroomerLite_TravelLockMechanism.png?v=1755862231', 'https://cdn.shopify.com/s/files/1/0615/3355/2855/files/008_NutGroomerLite_AfterBefore.png?v=1755862232', 'https://cdn.shopify.com/s/files/1/0615/3355/2855/files/009_NutGroomerLite_Comparison.png?v=1755862231', 'https://cdn.shopify.com/s/files/1/0615/3355/2855/files/010_NutGroomerLite_EdgeSenseTechnology.png?v=1755862232', 'https://cdn.shopify.com/s/files/1/0615/3355/2855/files/011_NutGroomerLite_1YearWarranty.png?v=1755862231']","[1, 2, 3, 4, 5, 6, 7, 8, 9, 10, 11, 12]","['The Ball Trimmer - Nut Groomer 1.0 Lite', 'Winston Trim - Nut Groomer 1.0 Lite', ""Nut Groomer 1.0 Lite Best Men's Groomer"", 'Nut Groomer 1.0 Lite With Comb Attachment', 'Nut Groomer 1.0 Lite Supported By Type C Charging', 'Nut Groomer 1.0 Lite Ideal For Intimate Areas', 'Nut Groomer 1.0 Lite For Safer & Smoother Trim', 'Nut Groomer 1.0 Lite With Travel Lock Mechanism', 'After Before Using Nut Groomer 1.0 Lite', 'Comparison of Nut Groomer 1.0 Lite With Others', 'Nut Groomer 1.0 Lite With EdgeSense Technology', 'Nut Groomer 1.0 Lite With 1 Year Warranty']",False,,"Winston Nut Groomer 1.0 Lite, the safest ball trimmer comes with ceramic blades and edgesense technology for no nicks and cuts trimming experience. ",533,,,,,nut-groomer-1-0-lite; 1-adjustable-comb-attachment; 1-charging-cable-3; 1-cleaning-brush-3; user-manual-38,how-is-winston-nut-groomer-1-0-lite-effective-and-safer; what-kind-of-blades-does-this-mens-trimmer-have-7; what-is-the-role-of-comb-attachments-provided-with-nut-groomer-1-0-lite; what-is-the-charging-and-run-time-of-this-nut-groomer-1-0-lite; is-this-nut-groomer-1-0-lite-waterproof; how-to-clean-the-device-12; is-there-any-warranty-on-the-product-17; additional-information-9,edge-sense-technology-6; ceramic-blades; guided-comb-control; fast-type-c-charging,,,,,product-faq-zse096pb; product-faq-1g97chb0; warranty,ceramic-blades; 1-attachment; 1-length-comb; guided-comb-dial-supports-upto-21-mm-length-settings; 200-minutes-runtime; charging-indicator-2; type-c; product-features-text-d9rqrob7; product-features-text-nauceb1i; product-features-text-9vtm48be; travel-lock,https://cdn.shopify.com/s/files/1/0615/3355/2855/files/Nut_Groomer_1.0_Lite_Manual.pdf?v=1755932899,Nut Groomer 1.0 Lite,Comes with 5 different grooming heads to cater all your grooming needs with precision.,,,'34,,,,,,,kg,active
face-eyebrow-trimmer-with-extra-trimming-heads,2 In 1 Face & Eyebrow Trimmer + 1 Each Extra Trimming Head,"Winston 2 in 1 Face & Eyebrow trimmer makes facial hair removal and eyebrow shaping smoother, safer, and painless.   Comes with 1 extra face trimming head & 1 extra eyebrow trimming head   Face and eyebrow trimming heads  3D cutting technology for safer trimming  100% painless and smooth trimming experience Quick rechargeable mechanism supported by type-c   10,000 RPM motor powerful motor  Lipstick-like compact design   Gentle on all skin types",Winston Electronics,Health & Beauty > Personal Care > Shaving & Grooming > Hair Clippers & Trimmers,face and eyebrow trimmer,,True,Title,Default Title,,WFET-101H,63.4624,shopify,75.0,deny,manual,2299.0,3490.0,True,True,,"['https://cdn.shopify.com/s/files/1/0615/3355/2855/files/2in1FEtrimmerSKU.png?v=1749636804', 'https://cdn.shopify.com/s/files/1/0615/3355/2855/files/2in1F_ETrimmer1.png?v=1752566176', 'https://cdn.shopify.com/s/files/1/0615/3355/2855/files/2_in_1_Face_and_Eyebrow_Trimmer.jpg?v=1764146043', 'https://cdn.shopify.com/s/files/1/0615/3355/2855/files/2in1F_ETrimmer2.png?v=1752566176', 'https://cdn.shopify.com/s/files/1/0615/3355/2855/files/2in1F_ETrimmer3.png?v=1752566176', 'https://cdn.shopify.com/s/files/1/0615/3355/2855/files/2in1F_ETrimmer4.png?v=1752566176', 'https://cdn.shopify.com/s/files/1/0615/3355/2855/files/2in1F_ETrimmer5.png?v=1752566176', 'https://cdn.shopify.com/s/files/1/0615/3355/2855/files/2in1F_ETrimmer6.png?v=1749638099', 'https://cdn.shopify.com/s/files/1/0615/3355/2855/files/2_in_1_FE_f2d3710a-c516-4b5c-9061-8676d16dee9a.png?v=1752566176']","[1, 2, 3, 4, 5, 6, 7, 8, 9]","['2 In 1 Face & Eyebrow Trimmer + 2 Extra Trimmings Heads', '2 in 1 Face and Eyebrow Trimmer - Winston Trim', '2 in 1 Face and Eyebrow Trimmer', '2 in 1 Face and Eyebrow Trimmer - 2 Trimming Heads', '2 in 1 Face and Eyebrow Trimmer - 90 Mins Usage Per Charge', '2 in 1 Face and Eyebrow Trimmer - Hair Removal tool', '2 in 1 Face and Eyebrow Trimmer - Safer & Smoother', '2 in 1 Face and Eyebrow Trimmer - 1 Year Warranty', 'Before-after-2in1 face & eyebrow trimmer']",False,,,Health & Beauty > Personal Care > Shaving & Grooming > Hair Clippers & Trimmers,unisex,adult,new,True,2-in-1-face-eyebrow-trimmer; extras-1-face-eyebrow-trimming-head; eyebrow-trimming-head; charging-cable-10; cleaning-brush-5; user-manual-9,why-should-i-switch-from-threading-to-an-electric-trimmer; how-is-winston-2-in-1-face-eyebrow-trimmer-effective; what-are-the-main-features-of-winston-2-in-1-face-eyebrow-trimmer; does-winston-2-in-1-face-eyebrow-trimmer-pull-out-the-hair-by-the-root; will-my-hair-grow-back-thicker-1; is-this-2-in-1-face-eyebrow-trimmer-waterproof; how-to-uninstall-change-the-head-of-the-trimmer-1; is-there-any-warranty-on-the-product-7; what-is-the-battery-life-of-winston-2-in-1-face-eyebrow-trimmer; lmpc-2-in-1-face-eyebrow-trimmer,face-eyebrow-trimming-heads; 3-d-cutting-technology-1; rechargeable-design-4; easy-to-hold-grip-1,products-banner-8kkjrv8v,products-banner-plcwuuln,product-banner-2-uahyp8rx,product-banner-3-xduccxwd,product-faq-qepruh6v; product-faq-gp8hucuw; warranty,,https://cdn.shopify.com/s/files/1/0615/3355/2855/files/2_in_1_Face_Eyebrow_Trimmer_Manual.pdf,2 In 1 Face & Eyebrow Trimmer + Extra Heads,"The 2-in-1 solution for painless, precise, and gentle facial hair removal and eyebrow shaping.",,True,'1,,,,,,,g,active
callus-remover-with-two-extra-rollers,Callus Remover + 2 Extra Rollers,"India’s first Callus Remover with 360° rotating rollers, the at-home pedicure tool is made to buff away rough, dead, and callused skin effortlessly.  Comes with 2 extra rollers   Fine roller for daily footcare and coarse roller to remove old, thick callus  2 speed modes  Cold LED lights on each side Quick rechargeable design  Gently removes dead skin build-up   Compact and easy to carry",Winston Electronics,Health & Beauty > Personal Care,Callus Remover,,True,Title,Default Title,,WCR-101H,125.2968,shopify,186.0,deny,manual,1599.0,2590.0,True,True,,"['https://cdn.shopify.com/s/files/1/0615/3355/2855/files/Callus.png?v=1749637165', 'https://cdn.shopify.com/s/files/1/0615/3355/2855/files/Winston_Care_-_Callus_Remover.png?v=1749637165', 'https://cdn.shopify.com/s/files/1/0615/3355/2855/files/01_Callus_Remover.png?v=1764145962', 'https://cdn.shopify.com/s/files/1/0615/3355/2855/files/2_Rollers_-_Callus_Remover.png?v=1749637151', 'https://cdn.shopify.com/s/files/1/0615/3355/2855/files/Callus_Remover_-_120_Min_Usage_Per_Charge.png?v=1749637151', 'https://cdn.shopify.com/s/files/1/0615/3355/2855/files/Callus_Remover_-_Pedicure_Tool.png?v=1749637151', 'https://cdn.shopify.com/s/files/1/0615/3355/2855/files/Callus_Remover_-_1_Year_Warranty.png?v=1749637151', 'https://cdn.shopify.com/s/files/1/0615/3355/2855/files/Before_after_Callus_Remover.png?v=1749637151']","[1, 2, 3, 4, 5, 6, 7, 8]","[nan, 'Winston Care - Callus Remover', 'Callus Remover', '2 Rollers - Callus Remover', 'Callus Remover - 120 Min Usage Per Charge', 'Callus Remover - Pedicure Tool', 'Callus Remover - 1 Year Warranty', 'Before_after_Callus_Remover']",False,,"Efficient foot crack remover: Shop Winston's rechargeable callus remover machine for men & women. Features fine & coarse roller heads for customized exfoliation, 2 speed modes for control, and a rechargeable design making it a home pedicure tool.",Health & Beauty > Personal Care > Cosmetics > Cosmetic Tools > Nail Tools > Manicure & Pedicure Spacers,unisex,adult,new,True,callus-remover; extras-1-coarse-fine-roller; additional-grinding-head; charging-cable-6; cleaning-brush-4; user-manual-5,why-should-i-switch-from-manual-callus-remover-to-electric-callus-remover-1; how-is-this-callus-remover-effective; what-are-the-main-features-of-winston-callus-remover; how-many-rollers-come-with-this-callus-remover-and-what-are-they-used-for; is-this-callus-remover-safe-to-use; what-is-the-battery-life-of-winston-callus-remover; is-this-callus-remover-waterproof; lmpc-callus-remover,fine-coarse-rollers; fast-charging; 2-speed-modes-1; 2-led-lights,products-banner-32sjyqbl,products-banner-i4aaca6q,product-banner-2-uxpqndgo,product-banner-3-xybelae0,product-faq-in78leau; product-faq-mnaph49w; warranty,,https://cdn.shopify.com/s/files/1/0615/3355/2855/files/Callus_Remover_Manual.pdf,Callus Remover + Extra Rollers,Callus Remover is a scientifically crafted solution for maintaining healthy and radiant feet.,,True,'1,,,,,,,g,active
eyebrow-trimmer-with-extra-trimming-heads,Eyebrow Trimmer + 2 Extra Trimming Heads,"Winston rechargeable eyebrow trimmer for women is the safest choice to wave off all unwanted eyebrow hair. So no more painful eyebrow threading or waxing, just smooth, painless hair removal with Winston electric eyebrow trimmer.  Comes with 2 extra trimming heads  3D cutting technology for safer trimming  100% painless and smooth trimming experience  Pen-like tip for precise trimming Quick rechargeable mechanism supported by type-c   10,000 RPM motor powerful motor  Lipstick-like compact design   Gentle on all skin types",Winston Electronics,Uncategorized,trimmer,,True,Title,Default Title,,WET-101H,63.4624,shopify,95.0,deny,manual,2099.0,2990.0,True,True,,"['https://cdn.shopify.com/s/files/1/0615/3355/2855/files/EyebrowTrimmerWithExtraTrimmingHeads.png?v=1749637869', 'https://cdn.shopify.com/s/files/1/0615/3355/2855/files/Winston_Trim_-_Eyebrow_Trimmer.png?v=1749637869', 'https://cdn.shopify.com/s/files/1/0615/3355/2855/files/01_Eyebrow_Trimmer.png?v=1749637869', 'https://cdn.shopify.com/s/files/1/0615/3355/2855/files/Removes_Unwanted_-_Eyebrow_Trimmer.png?v=1749637868', 'https://cdn.shopify.com/s/files/1/0615/3355/2855/files/90_Minutes_Usage_Per_Charge_-_Eyebrow_Trimmer.png?v=1749637868', 'https://cdn.shopify.com/s/files/1/0615/3355/2855/files/Eyebrow_Trimmer_-_Hair_Removal_Tool.png?v=1749637868', 'https://cdn.shopify.com/s/files/1/0615/3355/2855/files/Eyebrow_Trimmer_-_Safer_Smoother.png?v=1749637868', 'https://cdn.shopify.com/s/files/1/0615/3355/2855/files/Eyebrow_Trimmer_-_1_Year_Warranty.png?v=1749637868', 'https://cdn.shopify.com/s/files/1/0615/3355/2855/files/Before-after-Eyebrow_Trimmer.png?v=1749637868']","[1, 2, 3, 4, 5, 6, 7, 8, 9]","[nan, 'Winston Trim - Eyebrow Trimmer', '01 Eyebrow Trimmer', 'Removes Unwanted - Eyebrow Trimmer', '90 Minutes Usage Per Charge - Eyebrow Trimmer', 'Eyebrow Trimmer - Hair Removal Tool', 'Eyebrow Trimmer - Safer & Smoother', 'Eyebrow Trimmer - 1 Year Warranty', 'Before_after_Eyebrow_Trimmer']",False,,"Shape & define your brows with Winston's precise Eyebrow Trimmer. Featuring rechargeable eyebrow trimmer for women, ensures painless grooming with 3D-cutting technology. ",Health & Beauty > Personal Care > Shaving & Grooming > Hair Clippers & Trimmers,unisex,adult,new,True,eyebrow-trimmer; extras-2-eyebrow-trimming-heads; charging-cable-2; cleaning-brush-2; user-manual-1,does-winston-eyebrow-trimmer-pull-out-the-hair-by-the-root; will-my-hair-grow-back-thicker-2; is-this-eyebrow-trimmer-safe-to-use; where-can-i-use-the-eyebrow-trimmer; is-this-eyebrow-trimmer-waterproof; how-to-uninstall-the-head-of-the-trimmer; what-is-the-battery-life-of-winston-eyebrow-trimmer; is-there-any-warranty-on-the-product-12; lmpc-eyebrow-trimmer,3-d-cutting-technology; pen-like-tip; easy-to-hold-grip; rechargeable-design,products-banner-74vgjbze,products-banner-xantjxbr,product-banner-2-iyel0vjc,product-banner-3-dqi12zdl,product-faq-1x3tnqhh; product-faq-2mddecob; warranty,,https://cdn.shopify.com/s/files/1/0615/3355/2855/files/Eyebrow_Trimmer_Manual.pdf,Eyebrow Trimmer + Extra Heads,"Designed for painless, precise, and gentle eyebrow trimming experience.",,True,,,,,,,,g,active
face-trimmer-with-extra-trimming-heads,Face Trimmer + 2 Extra Trimming Heads,"Winston Face Trimmer is your go-to device for painless facial hair removal, ready to remove all your unwanted facial hair in one go.  Comes with 2 extra trimming heads   3D cutting technology for safer trimming  100% painless and smooth trimming experience  Quick rechargeable mechanism supported by type-c   10,000 RPM motor powerful motor Lipstick-like compact design   Gentle on all skin types",Winston Electronics,Uncategorized,trimmer,,True,Title,Default Title,,WE-103H,63.4624,shopify,133.0,deny,manual,2099.0,2990.0,True,True,,"['https://cdn.shopify.com/s/files/1/0615/3355/2855/files/FaceTrimmerWithExtraTrimmingHeads.png?v=1749638249', 'https://cdn.shopify.com/s/files/1/0615/3355/2855/files/Winston_Trim_-_Face_Trimmer.png?v=1749638249', 'https://cdn.shopify.com/s/files/1/0615/3355/2855/files/01_Face_trimmer.png?v=1749638249', 'https://cdn.shopify.com/s/files/1/0615/3355/2855/files/Remove_Unwanted_Hair_-_Face_Trimmer.png?v=1749638248', 'https://cdn.shopify.com/s/files/1/0615/3355/2855/files/Face_Trimmer_-_Safer_Smooth.png?v=1749638248', 'https://cdn.shopify.com/s/files/1/0615/3355/2855/files/Face_Trimmer_-_Hair_Removal_Tool.png?v=1749638248', 'https://cdn.shopify.com/s/files/1/0615/3355/2855/files/Face_Trimmer_-_90_Minutes_Usage_Per_Charge.png?v=1749638248', 'https://cdn.shopify.com/s/files/1/0615/3355/2855/files/Face_Trimmer_-_1_Year_Warranty.png?v=1749638248', 'https://cdn.shopify.com/s/files/1/0615/3355/2855/files/Before-after-Face-Trimmer.png?v=1749638248']","[1, 2, 3, 4, 5, 6, 7, 8, 9]","[nan, 'Winston Trim - Face Trimmer', 'Face Trimmer', 'Remove Unwanted Hair - Face Trimmer', 'Face Trimmer - Safer & Smooth', 'Face Trimmer - Hair Removal Tool', 'Face Trimmer - 90 Minutes Usage Per Charge', 'Face Trimmer - 1 Year Warranty', 'Before_after_Face_Trimmer']",False,,"Achieve the perfect finish with Winston's Face Trimmer. Comes with Hypoallergenic blades, whisper-quiet motor, 3D cutting technology & multiple attachments for brows, peach fuzz & touch-ups.",Health & Beauty > Personal Care > Shaving & Grooming > Hair Clippers & Trimmers,unisex,adult,new,True,face-trimmer; extras-2-face-trimming-heads; charging-cable-11; cleaning-brush-6; user-manual-10,does-winston-face-trimmer-pull-out-the-hair-by-the-root; will-my-hair-grow-back-thicker-3; is-this-face-trimmer-safe-to-use; where-can-i-use-the-face-trimmer; is-this-face-trimmer-waterproof; why-should-i-switch-from-threading-to-an-electric-face-trimmer; how-to-uninstall-the-head-of-the-trimmer-1; what-is-the-battery-life-of-winston-face-trimmer; is-there-any-warranty-on-the-product-13; lmpc-face-trimmer,face-eyebrow-trimming-heads-1; 3-d-cutting-technology-2; easy-to-hold-grip-2; rechargeable-design-5,products-banner-snr7qxd7,products-banner-mropdlcd,product-banner-2-7nouof5z,product-banner-3-lz3cbf6v,product-faq-afrhq1so; product-faq-9mtlp6bs; warranty,,https://cdn.shopify.com/s/files/1/0615/3355/2855/files/Face_Trimmer_Manual_17247e00-02a4-42ad-8b9e-8334525484e4.pdf,Face Trimmer + Extra Heads,Skip the hassle of salon visits and choose painless and gentle facial hair removal.,,True,'1,,,,,,,g,active
nut-groomer-one-with-extra-trimming-blades,Nut Groomer 1.0 + 2 Extra Trimming Blades,"Winston Nut Groomer 1.0 keeps it clean, close, and confident. The trimmer is designed for body and below-the-belt grooming, offering a safe, comfortable trim.   Comes with 2 extra trimming heads   Ceramic blades to prevent nicks and cuts   7000RPM motor for powerful performance  Edgesense technology for skin-close trim  Quick rechargeable design   IPX7 waterproof design for under-the-shower usage  2 adjustable length combs for controlled trimming",Winston Electronics,Uncategorized,trimmer,,True,Title,Default Title,,WNG-101H,225.0,shopify,85.0,deny,manual,2099.0,3499.0,True,True,,"['https://cdn.shopify.com/s/files/1/0615/3355/2855/files/NutGroomer1.0WithExtraTrimmingBlades.png?v=1749638391', 'https://cdn.shopify.com/s/files/1/0615/3355/2855/files/Nut_Groomer_1.0_-_Winston_Trim.png?v=1749638391', 'https://cdn.shopify.com/s/files/1/0615/3355/2855/files/Nut_Groomer_1.0.png?v=1750763622', 'https://cdn.shopify.com/s/files/1/0615/3355/2855/files/Nut_Groomer_1.0_With_2_Adjustable_Combs.png?v=1749638389', 'https://cdn.shopify.com/s/files/1/0615/3355/2855/files/Nut_Groomer_1.0_Ideal_For_Intimate_Areas.png?v=1749638389', 'https://cdn.shopify.com/s/files/1/0615/3355/2855/files/Nut_Groomer_1.0_With_1_Year_Replacement_Warranty.png?v=1749638389', 'https://cdn.shopify.com/s/files/1/0615/3355/2855/files/Before_After_Nut_Groomer_1.O.png?v=1755861976']","[1, 2, 3, 4, 5, 6, 7]","[nan, 'Nut Groomer 1.0 - Winston Trim', 'Nut Groomer 1.0', 'Nut Groomer 1.0 With 2 Adjustable Combs', 'Nut Groomer 1.0 | Ideal For Intimate Areas', 'Nut Groomer 1.0 With 1 Year Replacement Warranty', 'Before After Packaging Nut Groomer 1.O']",False,,"Experience comfortable and precise grooming with Winston's Nut Groomer 1.0 - Safest Men Ball Trimmer. It features no-cut ceramic blades for irritation-free trimming, an IPX7 waterproof design, and a powerful 7000 RPM motor.
",,,,,,nut-groomer-1-0; extras-2-trimming-blades; 2-adjustable-comb-attachments; charging-cable-14; user-manual-24,how-is-winston-nut-groomer-1-0-effective-and-safer; what-kind-of-blades-does-this-mens-trimmer-have-2; what-is-the-role-of-comb-attachments-provided-with-nut-groomer-1-0; what-is-the-charging-and-run-time-of-this-nut-groomer-1-0; is-this-nut-groomer-1-0-waterproof; how-to-clean-the-device-5; is-there-any-warranty-on-the-product-16; additional-information-nut-groomer-1-0,stainless-steel-blades-3; ipx-7-waterproof-design-1; 1-click-usage,products-banner-4avxujyb,products-banner-kef7zgfo,product-banner-2-sn2ojbxz,product-banner-3-fpff13jy,product-faq-kj6w6a5s; product-faq-mx3nykpl; warranty,,,Nut Groomer 1.0 + Extra Blades,"Keep it clean, close, and confident with every trim for body and below-the-belt.",,,,,,,,,,g,active
led-face-mask-skin-lift-device-combo-copy,Hair Dryer 1400W & Groom 360 Combo,"With Winston Hair Dryer 1400W and Groom 360 men combo, make drying quicker and full body grooming easier. Groom 360 full body trimmer with 5 different grooming heads ensures unwavering performance every time even under the shower. While Winston Hair Dryer 1400W with 2 speed or heat modes, and 1 ambient mode allows you to get gorgeous, shiny hair every time you dry!",Winston Electronics,Health & Beauty > Personal Care > Hair Care > Hair Styling Tools > Hair Dryers,,,True,Title,Default Title,,WHDFBT-101,0.0,shopify,100.0,deny,manual,3465.6,8589.0,True,True,,"['https://cdn.shopify.com/s/files/1/0615/3355/2855/files/Groom360_Dryer1400WATT.png?v=1750763749', 'https://cdn.shopify.com/s/files/1/0615/3355/2855/files/Hairdryer1400.png?v=1755497100', 'https://cdn.shopify.com/s/files/1/0615/3355/2855/files/Groom360.png?v=1750763749']","[1, 2, 3]","['Groom 360 & Dryer 1400 WATT', 'Hair Dryer 1400 Watt', 'Groom 360']",False,,,490,,,,,hair-dryer-1400-w; groom-360,,easy-to-use-2; sturdy-built-1; premium-quality-1; travel-friendly-1,,,,,warranty,,,,Designed to handle rough trims and even rougher feet smoothly!,,,,,,,,,,g,active
nut-groomer-1-0-callus-remover-combo,Nut Groomer 1.0 & Callus Remover Combo,"Winston Nut Groomer 1.0 and callus remover combo keeps it clean and smooth. The ceramic blades, edgesense technology, and 7000 RPM motor of Nut Groomer 1.0 enables safe, comfortable trim every time. On the other hand, callus remover with fine and coarse roller, 2 speed modes, cold led lights, rechargeable mechanism  is meant for daily foot care and to remove old, thick calluses too.",Winston Electronics,Health & Beauty > Personal Care > Shaving & Grooming > Electric Razors > Trimmers,,,True,Title,Default Title,,WNGCR-101,0.0,shopify,63.0,deny,manual,2231.0,5089.0,True,True,,"['https://cdn.shopify.com/s/files/1/0615/3355/2855/files/NutGroomer1.0_CallusRemover_fe7b5b7d-b166-493d-bb01-785fb355722d.png?v=1750763622', 'https://cdn.shopify.com/s/files/1/0615/3355/2855/files/Nut_Groomer_1.0.png?v=1750763622', 'https://cdn.shopify.com/s/files/1/0615/3355/2855/files/01_Callus_Remover.png?v=1764145962']","[1, 2, 3]","[nan, 'Nut Groomer 1.0', 'Callus Remover']",False,,,490,,,,,nut-groomer-1-0; callus-remover,,easy-to-use-2; sturdy-built-1; premium-quality-1; travel-friendly-1,,,,,warranty,,,,Designed to take care of rough trims and rougher heels safely!,,,,,,,,,,g,active
nut-groomer-1-0-blackhead-remover-combo,Nut Groomer 1.0 & Blackhead Remover Combo,"Winston Nut Groomer 1.0 and Blackhead Remover combo is designed for smooth trimming and deep skin cleansing. The ceramic blades, edgesense technology, and 7000 RPM motor of Nut Groomer 1.0 enables safe, comfortable trim every time. On the other hand, blackhead remover comes with 5 suction heads which not only removes blackheads from your face and nose, but it also works as a whitehead remover, gently extracting whiteheads and acne.",Winston Electronics,Health & Beauty > Personal Care > Shaving & Grooming > Electric Razors > Trimmers,,noindex,True,Title,Default Title,,WNGBR-101,0.0,shopify,114.0,deny,manual,3086.0,5989.0,True,True,,"['https://cdn.shopify.com/s/files/1/0615/3355/2855/files/NutGroomer1.0_BlackheadRemover.png?v=1750763580', 'https://cdn.shopify.com/s/files/1/0615/3355/2855/files/Nut_Groomer_1.0.png?v=1750763622', 'https://cdn.shopify.com/s/files/1/0615/3355/2855/files/01_Blackhead_Remover.png?v=1755497113']","[1, 2, 3]","['Nut Groomer 1.0 & Blackhead Remover', 'Nut Groomer 1.0', 'Blackhead Remover']",False,,,490,,,,,nut-groomer-1-0; blackhead-remover,,easy-to-use-2; sturdy-built-1; premium-quality-1; travel-friendly-1,,,,,warranty,,,,"From body and ball grooming to pore cleansing, it’s all handled with ease!",,,,,,,,,,g,active
snipper-beard-trimmer-dryer-1400-watt-combo,Snipper Beard Trimmer & Dryer 1400 WATT Combo,"Winston Snipper Beard Trimmer and Hair Dryer 1400 Watt offers smoother trimming with quick, effortless drying everytime. Stainless steel blades, 2 length combs with a unique guided comb dial, and IPX7 waterproof design supports hassle-free trimming even under the shower. This dryer with 2 speed or heat modes, and 1 ambient mode offers quick, efficient drying, leaving you with smooth, frizz-free hair.",Winston Electronics,Health & Beauty > Personal Care > Shaving & Grooming > Electric Razors > Trimmers,,,True,Title,Default Title,,WSBTHD-101,0.0,shopify,99.0,deny,manual,1755.6,3889.0,True,True,,"['https://cdn.shopify.com/s/files/1/0615/3355/2855/files/Snipper_Beard_Trimmer_HD_1400W.png?v=1750312755', 'https://cdn.shopify.com/s/files/1/0615/3355/2855/files/SnipperBeardTrimmerForMen.png?v=1752492945', 'https://cdn.shopify.com/s/files/1/0615/3355/2855/files/Hairdryer1400.png?v=1755497100']","[1, 2, 3]","['Snipper Beard Trimmer & HD 1400W', 'Snipper Beard Trimmer For Men', 'Hair Dryer 1400 Watt']",False,,,532,,,,,snipper-beard-trimmer; hair-dryer-1400-w,additional-information-12,easy-to-use-2; sturdy-built-1; premium-quality-1; travel-friendly-1,,,,,warranty,,,,Style your beard with precision and dry your hair in minutes!,,,,,,,,,,kg,active
snipper-beard-trimmer-callus-remover-combo,Snipper Beard Trimmer & Callus Remover Combo,"Winston Snipper Beard Trimmer and Callus Remover makes it smoother and cleaner. Snipper Beard Trimmer is the smoothest men’s grooming trimmer, designed with stainless steel ultra-sharp blades, 2 length combs with a unique guided comb dial, and IPX7 waterproof design. On the other hand, Callus Remover, the at-home pedicure tool is made to buff away rough, dead, and callused skin effortlessly with fine and coarse rollers.",Winston Electronics,Health & Beauty > Personal Care > Shaving & Grooming > Hair Clippers & Trimmers,,,True,Title,Default Title,,WSBTCR-101,0.0,shopify,69.0,deny,manual,1756.0,3889.0,True,True,,"['https://cdn.shopify.com/s/files/1/0615/3355/2855/files/SnipperBeardTrimmer_CallusRemover.png?v=1750313516', 'https://cdn.shopify.com/s/files/1/0615/3355/2855/files/SnipperBeardTrimmerForMen.png?v=1752492945', 'https://cdn.shopify.com/s/files/1/0615/3355/2855/files/01_Callus_Remover.png?v=1764145962']","[1, 2, 3]","[nan, 'Snipper Beard Trimmer For Men', 'Callus Remover']",False,,,,,,,,snipper-beard-trimmer; callus-remover,additional-information-13,easy-to-use-2; sturdy-built-1; premium-quality-1; travel-friendly-1,,,,,warranty,,,,Keep your beard sharp and your heels smoother with this all-in-one grooming set. ,,,,white,rechargeable,,,,,kg,active
snipper-beard-trimmer-blackhead-remover-combo,Snipper Beard Trimmer & Blackhead Remover Combo,"Winston Snipper Beard Trimmer and Blackhead Remover, the perfect duo for safest trimming and blackhead removal. This blackhead remover not only removes blackheads from your face and nose, but it also works as a whitehead remover, gently extracting whiteheads and acne with 5 different suction heads. While the snipper beard trimming makes trimming a breeze with stainless steel blades, leverage to set length settings upto 20mm, and IPX7 waterproof design.",Winston Electronics,Health & Beauty > Personal Care > Shaving & Grooming > Hair Clippers & Trimmers,,noindex,True,Title,Default Title,,WSBTBR-101,0.0,shopify,69.0,deny,manual,2611.0,4789.0,True,True,,"['https://cdn.shopify.com/s/files/1/0615/3355/2855/files/SnipperBeardTrimmer_BlackheadRemover.png?v=1750314141', 'https://cdn.shopify.com/s/files/1/0615/3355/2855/files/SnipperBeardTrimmerForMen.png?v=1752492945', 'https://cdn.shopify.com/s/files/1/0615/3355/2855/files/01_Blackhead_Remover.png?v=1755497113']","[1, 2, 3]","[nan, 'Snipper Beard Trimmer For Men', 'Blackhead Remover']",False,,,,,,,,snipper-beard-trimmer; blackhead-remover,additional-information-14,easy-to-use-2; sturdy-built-1; premium-quality-1; travel-friendly-1,,,,,warranty,,,,For those who like their grooming smoother and their skin clearer!,,,'1,white,rechargeable,,,,,kg,active
all-in-one-blade-trimmer-callus-remover-combo,All in One Blade Trimmer & Callus Remover Combo,Winston all in one blade trimmer and callus remover combo is the smoothest combo you can ever have. Why smoothest? The All in One Blade trimmer makes hair removal smoother with stainless steel blades and callus remover smoothens your rought feet while removing the dead skin instantly.,Winston Electronics,Health & Beauty > Personal Care > Shaving & Grooming > Hair Clippers & Trimmers,,,True,Title,Default Title,,WOBTCR-101,0.0,shopify,219.0,deny,manual,2041.0,4489.0,True,True,,"['https://cdn.shopify.com/s/files/1/0615/3355/2855/files/AllinOneBladeTrimmer_CallusRemover.png?v=1750314779', 'https://cdn.shopify.com/s/files/1/0615/3355/2855/files/01_AllinOneBladeTrimmer.png?v=1755497125', 'https://cdn.shopify.com/s/files/1/0615/3355/2855/files/01_Callus_Remover.png?v=1764145962']","[1, 2, 3]","[nan, 'All in One Blade Trimmer | Electric Shaver | Bi-Directional Blade', 'Callus Remover']",False,,,,,,,,all-in-one-blade-trimmer; callus-remover,additional-information-15,easy-to-use-2; sturdy-built-1; premium-quality-1; travel-friendly-1,,,,,warranty,,,,One tool to groom it all and other to smooth it all.  ,,,,white,manual,,,,,kg,active
all-in-one-blade-trimmer-dryer-1400-watt-combo,All in One Blade Trimmer & Dryer 1400 WATT Combo,"Winston All in One Blade Trimmer and Hair Dryer 1400 Watt combo is made to make trimming and hair drying a breeze. The one blade trimmer with bi-directional trimming blades makes trimming, edging, and shaving quick and smoother. While hair dryer 1400 Watt offers quick, efficient drying, leaving you with smooth, frizz-free hair every time.",Winston Electronics,Health & Beauty > Personal Care > Shaving & Grooming > Hair Clippers & Trimmers,,,True,Title,Default Title,,WOBTHD-101,0.0,shopify,218.0,deny,manual,2040.6,4489.0,True,True,,"['https://cdn.shopify.com/s/files/1/0615/3355/2855/files/AllinOneBladeTrimmer_HD1400W.png?v=1750316017', 'https://cdn.shopify.com/s/files/1/0615/3355/2855/files/01_AllinOneBladeTrimmer.png?v=1755497125', 'https://cdn.shopify.com/s/files/1/0615/3355/2855/files/Hairdryer1400.png?v=1755497100']","[1, 2, 3]","[nan, 'All in One Blade Trimmer | Electric Shaver | Bi-Directional Blade', 'Hair Dryer 1400 Watt']",False,,,,,,,,all-in-one-blade-trimmer; hair-dryer-1400-w,additional-information-16,easy-to-use-2; sturdy-built-1; premium-quality-1; travel-friendly-1,,,,,warranty,,,,Makes hair trimming smoother and hair drying quicker. ,,,,black,ac-powered,,,,,kg,active
all-in-one-blade-trimmer-blackhead-remover-combo,All in One Blade Trimmer & Blackhead Remover Combo,"Winston All in One Blade Trimmer and Blackhead Remover combo makes it cleaner, smoother, and quick. The all in one blade trimmer makes the job quick and smoother with bi-directional stainless steel blades and blackhead remover is you deep cleansing device that comes with 5 different suction heads for your different skin concerns.",Winston Electronics,Health & Beauty > Personal Care > Shaving & Grooming > Hair Clippers & Trimmers,,noindex,True,Title,Default Title,,WOBTBR-101,0.0,shopify,220.0,deny,manual,2896.0,5389.0,True,True,,"['https://cdn.shopify.com/s/files/1/0615/3355/2855/files/AllinOneBladeTrimmer_BlackheadRemover.png?v=1750317383', 'https://cdn.shopify.com/s/files/1/0615/3355/2855/files/01_AllinOneBladeTrimmer.png?v=1755497125', 'https://cdn.shopify.com/s/files/1/0615/3355/2855/files/01_Blackhead_Remover.png?v=1755497113']","[1, 2, 3]","[nan, 'All in One Blade Trimmer | Electric Shaver | Bi-Directional Blade', 'Blackhead Remover']",False,,,,,,,,all-in-one-blade-trimmer; blackhead-remover,additional-information-17,easy-to-use-2; sturdy-built-1; premium-quality-1; travel-friendly-1,,,,,warranty,,,,One tool for smooth trims and other for clearer skin.,,,,white,manual,,,,,kg,active
groom-lite-callus-remover-combo,Groom Lite & Callus Remover Combo,"Winston Grooom Lite and callus remover combo is made for body to sole care. Groom Lite, the multi-groomer for men comes with 4 grooming heads, edgesense technology, and stainless steel blades ensures smoother trimming every glide. On the other hand, callus remover, the at-home pedicure tool is made to buff away rough, dead, and callused skin effortlessly with fine and coarse rollers.",Winston Electronics,Health & Beauty > Personal Care > Shaving & Grooming > Hair Clippers & Trimmers,,,True,Title,Default Title,,WFBTCR-102,0.0,shopify,215.0,deny,manual,2231.0,5089.0,True,True,,"['https://cdn.shopify.com/s/files/1/0615/3355/2855/files/GroomLite_CallusRemover.png?v=1750324916', 'https://cdn.shopify.com/s/files/1/0615/3355/2855/files/GroomLite.png?v=1752493410', 'https://cdn.shopify.com/s/files/1/0615/3355/2855/files/01_Callus_Remover.png?v=1764145962']","[1, 2, 3]","[nan, 'Groom Lite - Groomer with 4 Heads', 'Callus Remover']",False,,,,,,,,groom-lite; callus-remover,additional-information-24,easy-to-use-2; sturdy-built-1; premium-quality-1; travel-friendly-1,,,,,warranty,,,,"From body grooming to foot care, this duo makes daily self-care quick, easy, and effective.",,,,white,battery-powered,,,,,kg,active
groom-lite-blackhead-remover-combo,Groom Lite & Blackhead Remover Combo,"Winston Groom Lite and Blackhead Remover Combo covers it all for you, from facial grooming to body grooming, and skin cleansing. The Groom Lite multi-groomer for men comes with 4 grooming heads (u-blade, shaving, nose, and t-blade trimming head) ensuring smoother trimming every glide. While Blackhead Remover comes with 5 different suction heads to deal with blackheads, whiteheads, fine lines, wrinkles and support deep exfoliation too.",Winston Electronics,Health & Beauty > Personal Care > Shaving & Grooming > Electric Razors > Trimmers,,noindex,True,Title,Default Title,,WFBTBR-102,0.0,shopify,214.0,deny,manual,3086.0,5989.0,True,True,,"['https://cdn.shopify.com/s/files/1/0615/3355/2855/files/GroomLite_BlackheadRemover.png?v=1750325286', 'https://cdn.shopify.com/s/files/1/0615/3355/2855/files/GroomLite.png?v=1752493410', 'https://cdn.shopify.com/s/files/1/0615/3355/2855/files/01_Blackhead_Remover.png?v=1755497113']","[1, 2, 3]","[nan, 'Groom Lite - Groomer with 4 Heads', 'Blackhead Remover']",False,,,,,,,,groom-lite; blackhead-remover,additional-information-25,easy-to-use-1; sturdy-built-1; premium-quality-1; travel-friendly,,,,,warranty,,,,"From full body grooming to deep pore cleansing, this duo covers it all. ",,,,,,single,,,,kg,active
groom-pro-callus-remover-combo,Groom Pro & Callus Remover Combo,"Winston Groom Pro and Callus Remover combo brings you the gentle hair removal with multi-groomer and efficient foot care with callus remover. Callus remover is the at-home pedicure tool which works on rough, dead, and callused skin effortlessly. On the other hand, Groom Pro is an all-inclusive trimmer which comes with t-blade, u-blade, sideburn trimming head combined with micro-shaving head for all your grooming needs.",Winston Electronics,Health & Beauty > Personal Care > Shaving & Grooming > Hair Removal > Epilators,,,True,Title,Default Title,,WFBTCR-104,0.0,shopify,213.0,deny,manual,3086.0,7089.0,True,True,,"['https://cdn.shopify.com/s/files/1/0615/3355/2855/files/GroomPro_CallusRemover.png?v=1750325652', 'https://cdn.shopify.com/s/files/1/0615/3355/2855/files/GroomPro.jpg?v=1748942917', 'https://cdn.shopify.com/s/files/1/0615/3355/2855/files/01_Callus_Remover.png?v=1764145962']","[1, 2, 3]","[nan, 'Groom Pro', 'Callus Remover']",False,,,,,,,,groom-pro; callus-remover,additional-information-26,easy-to-use-2; sturdy-built-1; premium-quality-1; travel-friendly-1,,,,,warranty,,,,For safer trimming and smoother feet care.,,,,,,,,,,kg,active
nut-groomer-1-0-lite-callus-remover-combo,Nut Groomer 1.0 Lite & Callus Remover Combo,"Winston nut groomer 1.0 Lite and callus remover combo is the safest hair removal and feet dead skin remover combo. The nut groomer 1.0 lite is featured with ceramic blades, 7000RPM motor, edgesense technology offers a powerful yet safe, comfortable trim everytime with no nicks and cuts. On the other hand, the electric callus remover comes with fine and coarse rollers which is meant for daily foot care and to remove old, thick callus too.",Winston Electronics,Health & Beauty > Personal Care > Shaving & Grooming > Hair Removal > Epilators,,,True,Title,Default Title,,WNGCR-103,0.0,shopify,64.0,deny,manual,2231.0,4089.0,True,True,,"['https://cdn.shopify.com/s/files/1/0615/3355/2855/files/NutGroomer1.0Lite_CallusRemover.png?v=1751087053', 'https://cdn.shopify.com/s/files/1/0615/3355/2855/files/Nut_Groomer_1.0_Lite.png?v=1751087050', 'https://cdn.shopify.com/s/files/1/0615/3355/2855/files/01_Callus_Remover.png?v=1764145962']","[1, 2, 3]","['Nut Groomer 1.0 Lite & Callus Remover Combo', 'Nut Groomer 1.0 Lite', 'Callus Remover']",False,,,,,,,,nut-groomer-1-0-lite; callus-remover,additional-information-27,easy-to-use-2; sturdy-built-1; premium-quality-1; travel-friendly,,,,,warranty,,,,The safest hair removal and feet dead skin remover combo. ,,,,,,,,,,kg,active
nut-groomer-1-0-lite-blackhead-remover-combo,Nut Groomer 1.0 Lite & Blackhead Remover Combo,"Winston Nut Groomer 1.0 Lite and Blackhead Remover combo is meant to make trimming smoother and skin cleansing efficient and effortless. The nut groomer 1.0, lite featured with ceramic blades and edgesense technology is the safest trimmer for body and below-the-belt. While the blackhead remover is 5 in 1 deep cleansing device which allows you to deal with blackheads, whiteheads, fineline, and wrinkles easily with deep exfoliation.",Winston Electronics,Health & Beauty > Personal Care > Shaving & Grooming > Hair Clippers & Trimmers,,noindex,True,Title,Default Title,,WNGBR-103,0.0,shopify,64.0,deny,manual,3086.0,4989.0,True,True,,"['https://cdn.shopify.com/s/files/1/0615/3355/2855/files/NutGroomer1.0Lite_BlackheadRemover.png?v=1750326435', 'https://cdn.shopify.com/s/files/1/0615/3355/2855/files/Nut_Groomer_1.0_Lite.png?v=1751087050', 'https://cdn.shopify.com/s/files/1/0615/3355/2855/files/01_Blackhead_Remover.png?v=1755497113']","[1, 2, 3]","[nan, 'Nut Groomer 1.0 Lite', 'Blackhead Remover']",False,,,,,,,,nut-groomer-1-0-lite; blackhead-remover,additional-information-28,easy-to-use-2; sturdy-built-1; premium-quality-1; travel-friendly,,,,,warranty,,,,Makes trimming for body and below-the-belt smoother and skin cleansing efficient and effortless. ,,,,black,manual,,,,,kg,active
groom-x-callus-remover-combo,Groom X & Callus Remover Combo,"Winston Groom X and callus remover combo does much more than trimming and dead skin removal. Groom X, the multi-groomer with 5 grooming heads trim, shave, and design. While callus remover buffs away rough, dead, and callused skin effortlessly with fine and coarse roller.",Winston Electronics,Health & Beauty > Personal Care > Shaving & Grooming > Hair Clippers & Trimmers,,,True,Title,Default Title,,WFBTCR-103,0.0,shopify,214.0,deny,manual,2706.0,6089.0,True,True,,"['https://cdn.shopify.com/s/files/1/0615/3355/2855/files/CopyofGroomX_CallusRemover_1.png?v=1750328498', 'https://cdn.shopify.com/s/files/1/0615/3355/2855/files/GroomXWithDigitalMulti-Groomer.png?v=1752493224', 'https://cdn.shopify.com/s/files/1/0615/3355/2855/files/01_Callus_Remover.png?v=1764145962']","[1, 2, 3]","[nan, 'Groom X With Digital Multi-Groomer', 'Callus Remover']",False,,,,,,,,groom-x; callus-remover,additional-information-29,easy-to-use-1; sturdy-built-1; premium-quality-1; travel-friendly-1,,,,,warranty,,,,"Smooth trims and softer feet, this combo handles your grooming from top to toe with zero fuss.",,,,white,battery-powered,,,,,kg,active
groom-x-blackhead-remover-combo,Groom X & Blackhead Remover Combo,"Winston Groom X & Blackhead remover combo is meant to make grooming and skincare smoother and efficient. Groom X cater all your grooming needs smoothly with Hair trimming, beard trimming, ear/nose body trimming head, body grooming and micro-shaving head. While blackhead remover not only removes blackheads but also works on whiteheads, wrinkles, fine lines, and deep exfoliation.",Winston Electronics,Health & Beauty > Personal Care > Shaving & Grooming > Hair Clippers & Trimmers,,noindex,True,Title,Default Title,,WFBTBR-103,0.0,shopify,215.0,deny,manual,3561.0,6989.0,True,True,,"['https://cdn.shopify.com/s/files/1/0615/3355/2855/files/GroomX_BlackheadRemover.png?v=1750328865', 'https://cdn.shopify.com/s/files/1/0615/3355/2855/files/GroomXWithDigitalMulti-Groomer.png?v=1752493224', 'https://cdn.shopify.com/s/files/1/0615/3355/2855/files/01_Blackhead_Remover.png?v=1755497113']","[1, 2, 3]","[nan, 'Groom X With Digital Multi-Groomer', 'Blackhead Remover']",False,,,,,,,,groom-x; blackhead-remover,additional-information-30,easy-to-use-2; sturdy-built-1; premium-quality-1; travel-friendly,,,,,warranty,,,,Unwanted hair? Trimmed smoothly. Clogged pores? Cleared efficiently. ,,,,white,rechargeable,,,,,kg,active
all-in-one-blade-trimmer-led-comb-combo,All in One Blade Trimmer & LED Comb Combo,"Winston all in one blade trimmer and led light hair therapy comb is everyone's go-to choice for head to toe care. Winston All In One Blade Trimmer is a versatile trimmer with which you can trim, edge, and shave. While, LED hair growth therapy comb brings multiple advantages with its red, blue led light and 3 different massage modes.",Winston Electronics,Health & Beauty > Personal Care > Shaving & Grooming > Hair Clippers & Trimmers,,,True,Color,"['white', 'gray']",product.metafields.shopify.color-pattern,"['WOBTLC-102', 'WOBTLC-101']",0.0,shopify,"[220.0, 215.0]",deny,manual,3133.0,5389.0,True,True,,"['https://cdn.shopify.com/s/files/1/0615/3355/2855/files/CopyofAllinOneBladeTrimmer_LEDCombwhite.png?v=1750329267', 'https://cdn.shopify.com/s/files/1/0615/3355/2855/files/01_AllinOneBladeTrimmer.png?v=1755497125', 'https://cdn.shopify.com/s/files/1/0615/3355/2855/files/LED_Light_Hair_Therapy_Comb_-_White.jpg?v=1764257078', 'https://cdn.shopify.com/s/files/1/0615/3355/2855/files/LED_Light_Hair_Therapy_Comb_-_Grey.png?v=1755497125', 'https://cdn.shopify.com/s/files/1/0615/3355/2855/files/All_in_One_Blade_Trimmer_LED_Comb.png?v=1755497125']","[1, 2, 3, 4, 5]","[nan, 'All in One Blade Trimmer | Electric Shaver | Bi-Directional Blade', 'LED Light Hair Therapy Comb - White', 'LED Light Hair Therapy Comb - Grey']",False,,,,,,,,all-in-one-blade-trimmer; led-hair-growth-comb,additional-information-31,easy-to-use-2; sturdy-built-1; premium-quality-1; travel-friendly,,,,,warranty,,,,Everyone's go-to choice for smooth trims and healthy hair care. ,,,,white; gray,rechargeable,,,,"['https://cdn.shopify.com/s/files/1/0615/3355/2855/files/CopyofAllinOneBladeTrimmer_LEDCombwhite.png?v=1750329267', 'https://cdn.shopify.com/s/files/1/0615/3355/2855/files/All_in_One_Blade_Trimmer_LED_Comb.png?v=1755497125']",kg,active
5-in-1-hair-blow-brush-multifunctional-hair-styler-for-women,"5 in 1 Hair Blow Brush | Auto Curler, Dryer, Straightener & Styler","Step up your hair game with the Winston 5 in 1 Hair Blow Brush - the ultimate fusion of a dryer, blow brush, straightener and auto-wrap curlers. This game changer will transform your daily styling routine, deliver quick drying, flawless blowouts,smooth straightening and voluminous curls.   Dryer, blow brush, auto-wrap curlers, curl enhancer, straightening brush attachments  Ceramic coated barrels for smooth styling  Dual size bristles (in blow brush) with ball tip quills prevent tugging and pulling  Unique vent system (in blow brush and straightening brush) for maximum airflow  31mm auto-wrap curling barrels based on coanda tech   Cool tip to handle the product with ease.  Ergonomically designed for comfortable handling  Multiple temperature control for personalised styling",Winston Electronics,Health & Beauty > Personal Care > Hair Care > Hair Styling Tools > Combs & Brushes > Hot Air Brushes,Multi Hair Styler,Winston Hair,True,Color,"['ice-blue', 'purple']",product.metafields.shopify.color-pattern,"['W5BB-101', 'W5BB-102']",0.0,shopify,"[21.0, 0.0]",deny,manual,3999.0,4990.0,True,True,"[""'8906181980624"", ""'8906181980631""]","['https://cdn.shopify.com/s/files/1/0615/3355/2855/files/001_3d_winston-hair-styler-5in1-purple.png?v=1763100094', 'https://cdn.shopify.com/s/files/1/0615/3355/2855/files/3_winston-hair-styler-5in1-hair-blow-brush.png?v=1763100094', 'https://cdn.shopify.com/s/files/1/0615/3355/2855/files/4_5in1-winston-hair-styler-attachments-5in1.png?v=1763964177', 'https://cdn.shopify.com/s/files/1/0615/3355/2855/files/5_5in1-winston-hair-styler-ceramic-barrel-bristles.png?v=1763964177', 'https://cdn.shopify.com/s/files/1/0615/3355/2855/files/6_5in1-winston-hair-styler-coanda-tech-curling.png?v=1763964177', 'https://cdn.shopify.com/s/files/1/0615/3355/2855/files/7_5in1-winston-hair-styler-straightening-brush.png?v=1763964177', 'https://cdn.shopify.com/s/files/1/0615/3355/2855/files/8_5in1-winston-hair-styler-gentle-drying-1200w.png?v=1763964177', 'https://cdn.shopify.com/s/files/1/0615/3355/2855/files/9_5in1_winston-hair-styler-define-curls-hd-air.png?v=1763964177', 'https://cdn.shopify.com/s/files/1/0615/3355/2855/files/10_5in1-winston-hair-styler-temperature-modes.png?v=1763964177', 'https://cdn.shopify.com/s/files/1/0615/3355/2855/files/011_5in1-winston-hair-styler-warranty-before-after.png?v=1763964177', 'https://cdn.shopify.com/s/files/1/0615/3355/2855/files/01_winston-hair-styler-5in1-purple.png?v=1763964177', 'https://cdn.shopify.com/s/files/1/0615/3355/2855/files/02_winston-hair-styler-5in1-ice-blue.png?v=1763100094', 'https://cdn.shopify.com/s/files/1/0615/3355/2855/files/02_winston-hair-5in1-ice-blue.png?v=1764748571', 'https://cdn.shopify.com/s/files/1/0615/3355/2855/files/03_winston-hair-attachments-5in1-ice-blue.png?v=1764748605', 'https://cdn.shopify.com/s/files/1/0615/3355/2855/files/04_5in1BlowBrush-ice-blue-smooth-styling.png?v=1764748645']","[1, 2, 3, 4, 5, 6, 7, 8, 9, 10, 11, 12, 13, 14, 15]","['#color_purple', '#color_ice blue']",False,,"The Winston 5 in 1 Hair Blow Brush is a multifunctional hair styler for women that offers quick drying, auto-wrap curling, smooth straightening, and easy styling with five versatile attachments for everyday hair care.",487,,,,,5-in-1-hair-blow-brush-with-a-head; other-5-attachments; user-manual-40,how-is-winston-5-in-1-hair-blow-brush-effective; how-to-curl-with-automatic-curlers; what-is-an-ionic-function-and-how-is-it-helpful-in-5-in-1-hair-blow-brush; what-is-the-role-of-2-layers-of-bristles-in-this-blow-brush-1; how-is-the-ceramic-barrel-effective; is-there-any-warranty-on-the-product-17,5-styling-attachments; multiple-temperature-mode; ceramic-coated-barrel; anti-burn-bristles-1; dual-size-bristles-with-ball-tip-quills,,,,,product-faq-jrij85zp; product-faq-vx3zffsf; warranty,,https://cdn.shopify.com/s/files/1/0615/3355/2855/files/5_in_1_Blow_Brush_-_Manual.pdf,5 in 1 Hair Blow Brush,"Transform your styling with quick drying, flawless blowouts, smooth straightening, voluminous curls.",https://www.youtube.com/watch?v=xGLHeOPYfn4,,'15,ice-blue; purple,,,,,"['https://cdn.shopify.com/s/files/1/0615/3355/2855/files/02_winston-hair-styler-5in1-ice-blue.png?v=1763100094', 'https://cdn.shopify.com/s/files/1/0615/3355/2855/files/001_3d_winston-hair-styler-5in1-purple.png?v=1763100094']",kg,active
eyebrow-trimmer-callus-combo,Eyebrow Trimmer & Callus Combo - Kriti's Fav,Choose smoother shaping and callus removal with this ultimate eyebrow trimmer and callus remover combo. Winston eyebrow trimmers allows you to remove unwanted hair painlessly while callus remover grinds away the dead skin smoothly.,Winston Electronics,Health & Beauty > Personal Care > Shaving & Grooming > Hair Removal > Epilators,,,True,Title,Default Title,,WCROET-101,0.0,shopify,661.0,deny,manual,1799.0,4580.0,True,True,,"['https://cdn.shopify.com/s/files/1/0615/3355/2855/files/callus-and-old-eyebrow-trimmer.png?v=1764053665', 'https://cdn.shopify.com/s/files/1/0615/3355/2855/files/01_Callus_Remover.png?v=1764145962', 'https://cdn.shopify.com/s/files/1/0615/3355/2855/files/Old-eyebrow-trimmer.png?v=1764066522']","[1, 2, 3]","['callus-and-old-eyebrow-trimmer', 'Callus Remover']",False,,,4510,,,,,eyebrow-trimmer; callus-remover,is-this-callus-remover-waterproof; is-this-callus-remover-safe-to-use; what-is-the-battery-life-of-winston-eyebrow-trimmer; is-this-eyebrow-trimmer-waterproof-1; is-there-any-warranty-on-the-product-17,easy-to-use-1; sturdy-built-1; travel-friendly-1; rechargeable-design-6,,,,,warranty,,,,"For sharper, precise eyebrows and smoother feet effortlessly and painlessly.",,,,white,,,all-skin-types,dry,,kg,active
